Customer_ID,Name,Email,Phone,Country
003ca69a-991c-4c11-899a-51bb7365499d,Erica Diaz,hurleyanna@example.com,+964-8545044941,Iraq
006af455-013b-4c09-a6df-15ca3d41010f,Jason Jackson,dylanduran@example.com,+63-2484285464,Philippines
00fc38f7-b5c7-465c-839b-a55185f2635f,Heather Schneider,larajohn@example.org,+264-7935879728,Namibia
015cc4e1-5cf8-441c-80ad-ca3536c53e9a,Matthew Wilson,timothyho@example.org,+357-8883554148,Cyprus
01d13428-d511-4c3d-90c7-b5624931ff48,Robert Contreras,lydia12@example.com,unknown,Swaziland
022be62d-eb06-4ef4-b6e7-5ddc92ba2009,Megan Roberts,idiaz@example.com,+682-5666968200,Cook Islands
025f5aca-fdb3-4dad-82e1-641eecf92d50,Joseph Hurst,johnsondanielle@example.com,+1-5903470679,United States Of America
04ad0d8e-9199-4b32-94b6-55fa1868c331,Jeffrey Parker,loganamanda@example.com,+964-7523952298,Iraq
06c56c9d-c1e5-480d-b82a-71ef2c4a9eca,Megan Reed,thomas40@example.net,+268-7659153762,Swaziland
06f70108-4508-4662-bf7d-0eb90509f910,Heather Brandt,jprice@example.org,+682-7719169174,Cook Islands
075005e4-bb34-4965-bb28-fd100b10c45c,David Mcmahon,dale06@example.com,+1-876-6505093434,Jamaica
0788f200-5721-41ec-9ff5-0ffc65fb465b,Paul Huff,steven74@example.net,+1-758-7652861292,Saint Lucia
07ca86c3-8485-47a5-9d90-d8ccf2f12fe0,David Long,walshmary@example.net,unknown,Nauru
08558fbe-cb5c-4229-af5f-2b5236b4756c,Kyle Garcia,patrickmorgan@example.com,+996-0019917955719,Kyrgyz Republic
088dcd89-6393-405e-9059-f7504fcebf4e,Jasmine Combs,teresahamilton@example.org,+7-4485633146,Russian Federation
08bda8a7-29c0-4ecc-ab29-50e32eaf7ba2,Michael Murphy,pagemaria@example.org,+670-9826809459,Timor-leste
0a1fae74-7af1-4032-8d72-0b0a14f9bd1b,Robert Torres,brianna09@example.org,+593-6205001059,Ecuador
0afa5f18-dd87-4a64-9875-dfd76f255078,Angela Smith,rmorrow@example.org,+502-0012979520906,Guatemala
0b58c0d1-eb41-4b32-9487-6713b6d2cff0,Erica Glenn,mariawhite@example.com,+43-2208229096,Austria
0b7f37a7-5ef6-4514-afa5-87f24ad4ea70,Chelsea Lewis,jbradshaw@example.com,+266-0016376917548,Lesotho
0bab460b-e8fc-4d21-83b0-d124c55c8f41,Patrick Cunningham,amy05@example.net,+218-8346668837,Libyan Arab Jamahiriya
0caddccb-f42d-4365-8a6c-84779332e707,Taylor Kelly,amcconnell@example.org,+354-2653432028,Iceland
0cb9c9d6-5825-48f2-8ee2-4b1cafbac06a,Laura Kent,campbelldeborah@example.org,+599-7645503035,Netherlands Antilles
0d7fb346-dd23-4ecf-8c23-7a9444550cdc,Laura Roberts,twright@example.org,+977-4512711224,Nepal
0dacffcc-bfd3-4cd6-b313-5377c508b0c3,Randall Simpson,billy23@example.net,+676-9004920787,Tonga
0e206840-2f54-49e4-a0c1-7966e11ed3fc,James Rivera,welchcynthia@example.net,+269-9957759693,Comoros
0f4ff1f7-40fc-4223-a2fa-677292d8708b,Kristin Ochoa,gonzalezrebecca@example.org,+970-5048422148,Palestinian Territory
0f843fb2-0824-457d-a319-bfde36e50398,Dennis Parker,heatherlynn@example.com,unknown,Saint Kitts And Nevis
0ff2c56a-a2af-4e87-90d0-24904f0f9426,Jennifer Snyder,smithmeagan@example.com,+1-664-0013162950242,Montserrat
10cb18e7-f765-4336-bed6-32e5845ce923,Jennifer Jensen,halldeborah@example.net,+262-6816208166,French Southern Territories
10eb0f3f-a266-4e1e-8b39-108a292e21e9,Carlos Owen,jestrada@example.org,+263-4505045235,Zimbabwe
115c9e1f-ac33-4666-8f8a-3ba19244c16e,Taylor Buck,jenniferhawkins@example.com,+91-3574946134,India
1189a9af-0112-47de-a3d7-2a37de35475d,Juan Flynn,gchambers@example.org,+240-8195107250,Equatorial Guinea
11c5aa4e-e3c6-46ff-9667-2816ebbbe2b4,Juan Washington,christinerivera@example.org,unknown,Nepal
12043911-de36-4c9e-ba83-41b9c5127998,Virginia Bryan,alisoncline@example.net,+54-0018253499719,Argentina
1216a4e6-11a3-40ac-b2fa-633097e928f0,Keith Rivera,jonathanharris@example.net,+387-3169666676,Bosnia And Herzegovina
131c4d35-771a-44e8-96cb-bb10e8a473c1,Matthew Alvarez,matthew89@example.net,+54-9129605546,Argentina
139771bf-31b5-4508-bcca-9108a68d4ab7,Kevin Skinner,chelsea08@example.net,unknown,Cocos (keeling) Islands
13caca6e-59e7-4b1f-8ef5-7dc49b80edb8,Selena Shaw,thompsonmarie@example.net,+692-0017223138608,Marshall Islands
149b8752-cedd-4c06-bbf9-aeadef2ec970,Taylor Morgan,fhill@example.net,+853-4732475677,Macao
16c06854-b963-4325-bf44-295783569f40,Scott Holmes,unknown,+350-0014194938769,Gibraltar
1872c8f7-6724-46e0-949b-d5f4140d39ed,Anna Burton,kathleenwhite@example.com,+674-6303749802,Nauru
18967c36-ac8e-4ca1-b063-1d9e9e19d85c,Austin Cook,michael77@example.org,+852-8964325776,Hong Kong
197179e6-d4ca-472b-a976-44e3ca91d064,Colin Franklin,jeffreydouglas@example.org,+240-5834005249,Equatorial Guinea
1a73db6a-1f14-42ba-a439-082bf012b576,Bryan Smith,jsmith@example.org,+95-7682666149,Myanmar
1b02ee41-79f8-4e99-9f4d-eff19bc09c06,Courtney Schneider,sheena24@example.org,+593-2735316941,Ecuador
1d2998ec-9983-479a-bce2-28bd5b56aa3c,Jennifer Garrett,jeanette88@example.org,+242-6156365778,Congo
1d664e5b-d86e-4a54-9d4f-11efa34f9686,Joel Vasquez,raymondstevens@example.org,+237-9067032967,Cameroon
1f22e566-13a0-4758-b42c-b0f6e997d46c,Christopher Castaneda,annaarnold@example.com,unknown,Aruba
1f5be925-7823-44d1-bf31-30f9f9b57bff,Kathryn Brennan,edwin85@example.net,+261-0016743014624,Madagascar
20566376-aa05-4b75-915d-93d7496202d0,Jonathan Williams,unknown,+235-6442465498,Chad
20d5d39a-ae21-4d3c-89a8-208a9462f8ac,Andrew Schneider,angelastewart@example.net,+504-4983193369,Honduras
21231327-01b6-4020-bddb-d4717e676541,Diana Flores,umorales@example.org,+56-7527691508,Chile
2140af6b-0b34-434e-a567-c8c2fa36dacc,Paula Sims,angelalong@example.org,+84-6954068297,Vietnam
21481327-547c-4927-8a2b-501ccc395aff,Casey Herrera,george13@example.org,+964-2692299694,Iraq
22cc5f4e-4562-43dc-be1c-1766b6e64fec,Danielle Miller,jennifer17@example.com,+1-268-3994527779,Antigua And Barbuda
230d356d-0e2e-42f7-a1aa-b80fe11f3b8d,Ronald Hickman,unknown,+676-7847045116,Tonga
236c5923-6279-4dfd-9305-87215258e57f,Desiree Gray,williamsimon@example.com,+591-5057099158,Bolivia
2434fcc8-d8d7-4f5d-a102-eb464d535a66,Dale Morgan,jamesward@example.com,+680-4858297009,Palau
244c19ed-7991-47e0-8947-741e1af8ead2,Cynthia Bryant,calvarez@example.org,+996-5245445119,Kyrgyz Republic
2673e21b-07b1-4804-ad33-2ccfa93a54ad,Catherine Taylor,hansenrenee@example.net,+232-5779053571,Sierra Leone
2848f082-bd98-457c-9aca-0d84b1a82397,Donna Carlson,pricerobert@example.com,+1-868-2763170623,Trinidad And Tobago
2862a3af-dd74-45d3-9606-06cbc60729a4,Robert Chandler,jennifer66@example.org,+353-9307795700,Ireland
29593a3c-f053-4d32-ad5b-bd45a655a5be,Brian Bennett,eboyer@example.org,+229-2477402632,Benin
29dcbd8d-36dc-4b75-9231-224e62721e78,Thomas Patton,christopher93@example.net,+691-0018698956646,Micronesia
2b1b6303-a156-4076-b79c-88087c0e718a,Kevin Collins,benderlisa@example.org,unknown,Barbados
2b2673a4-7eed-4776-9b21-12cc5fb6ed51,Roy Young,unknown,+380-3167415396,Ukraine
2c3bd8c4-4a3e-4b37-8a48-2f5a1229ba43,Jay Alvarez,floreskathleen@example.com,+95-8549106341,Myanmar
2cc1e020-c006-4a52-8e87-bb154e882a72,Dawn Rice,hicksbradley@example.org,+92-2997102920,Pakistan
2cf5e96e-6e09-4d97-b5f3-a04cd0244cc8,Kimberly Paul Md,isalas@example.org,+685-4517164923,Samoa
2d11a74e-60f5-481a-975e-ff100dc15b05,Michael Jackson,harrismichael@example.net,unknown,Botswana
2d374acf-1c9c-412e-ac53-90e9892ac707,Caroline Mora,tuckerzachary@example.net,+84-8706113433,Vietnam
2d4729db-514e-4673-81ea-682e6bad8434,Mary Butler,unknown,+258-2839826451,Mozambique
2d939a24-9c21-491d-890e-9b480713eb0e,Robert Hamilton,unknown,unknown,Australia
2dc3fe00-cfd8-423c-bf2a-8421f90fcc76,Brittany Smith,unknown,+597-5072763551,Suriname
2ede74c5-b9f0-4325-a874-f179e13d0c33,Charles Phillips,mhenry@example.com,+350-7913810817,Gibraltar
2f0c8d2f-6095-4eb8-8543-382b2ed419f6,Alexis Garcia,fisherdarren@example.org,+1-246-0019932426537,Barbados
2fbd8187-90f1-409e-89ff-3ff4cae288e6,Mark Miller,douglas00@example.org,+52-2539186998,Mexico
2fe7a98b-f423-47df-aa17-fe7768bf70af,Paul Garcia,abigail30@example.com,+500-2584065955,South Georgia And The South Sandwich Islands
2feb157a-03d9-4715-9b4b-db6d46c9221f,Tammy Garcia,stephanie94@example.com,+371-0015077508926,Latvia
302515f3-d41c-404b-8a5b-37f8b2cb9de2,Ryan Rose,wmason@example.net,+55-3183180038,Brazil
31010ce5-cdc5-46c7-ac51-002a5098bb57,Dustin Thomas,ortegajeffrey@example.net,+1-876-8173012182,Jamaica
311e7923-f873-4798-9f3b-94176976b64e,Steven Guerra,josephlopez@example.org,+49-9493004891,Germany
31505fa1-f057-42ad-81bb-3ec3b0c26346,Mary Costa,unknown,+258-3313822471,Mozambique
3167751a-2b48-4dec-92d7-a36492ae65ce,Melissa Smith,allison23@example.org,+967-3603599818,Yemen
319a1175-3869-4067-bead-d13f371071e4,Paula Donaldson,ryan28@example.com,+242-3968350383,Congo
321c2e5e-6127-4a81-b6b5-000d54c145b4,Matthew Burke,wheelerjames@example.com,+505-6563471549,Nicaragua
329c9325-2d4b-4456-a5a7-d43f8300624a,Sarah Daniel,rwells@example.org,+1-345-7742452665,Cayman Islands
32c43310-2156-40bf-a0bb-88ae963c2b3d,Christopher Lewis,unknown,+679-7779509609,Fiji
32ff8abe-2cb4-4c16-af6d-a9359e4de2f0,Andrea Richardson,castanedajudy@example.com,+61-7052145773,Australia
33014cf1-d6eb-4b24-8df8-c18d83e1a547,Tiffany Whitehead,daniel04@example.com,unknown,United States Virgin Islands
337a3f92-1acc-4418-9fd9-1bc92aefd16e,Christopher Marshall,unknown,+36-0013499682723,Hungary
342e9e90-fb41-42ef-9778-34ee2c4c536e,Bernard Mack,mary94@example.net,+94-7848054934,Sri Lanka
352ac394-fb15-4e8e-84f1-2ca130a159d5,Misty Johnson,kimberlymckee@example.org,+60-0015574914381,Malaysia
35e9370c-b4c6-45c0-b6c7-85a9474fca61,Nicole Doyle,mcbrideeric@example.com,+1-242-5079917197,Bahamas
363334ad-e69d-44f5-9907-b817bf4bed8f,James Mcdonald,unknown,+506-9245795879,Costa Rica
36b57eed-b59e-4f00-957b-af98ddda3e77,Robert Perez,unknown,+64-3094921513,Pitcairn Islands
374abbc5-d5ad-47df-8212-30409e84c5c4,Melissa Woodward,uhernandez@example.org,+34-3627784696,Spain
37881568-6780-47d3-b586-5971c997fc1b,Tiffany Clay,nrichardson@example.net,+976-4668137466,Mongolia
3798d046-0526-4bc0-948e-e522e5e63894,Benjamin Good,brandy38@example.net,+591-0012332926931,Bolivia
38665d78-cba8-47c1-8e42-c2d3299f6759,Jasmine Robinson,lewistamara@example.org,+1-758-9992256492,Saint Lucia
388d7ff2-2ef6-4f32-8801-db2dc2471212,Larry Blankenship,mullinsgeoffrey@example.net,+239-2982254265,Sao Tome And Principe
389ce48e-0282-429e-8218-e2c472a354a8,Meagan Wright,gpennington@example.org,unknown,Anguilla
38f05547-f7b0-4f41-a3d9-c57ecbf7d453,Loretta Thomas,rjohnson@example.net,+590-9027589703,Saint Barthelemy
394241ed-ac14-44eb-8051-873b041f1894,Donald Coleman,williamlarsen@example.org,+976-3267477943,Mongolia
39e40a29-29eb-4c71-8bb1-7cbf71224ad9,Julie Powell,sarasosa@example.com,+372-4244677700,Estonia
39ec85ac-c692-4946-8da8-7db6afa34dc3,Maria Holt,michael67@example.net,+228-3137677071,Togo
3a7ca2df-0ed0-44a7-aba5-ac081a39d08f,Jonathan Stephens,carltorres@example.org,+853-8209257970,Macao
3a98d8db-a695-4811-8dd7-dc0ad191e455,Tiffany Franklin,unknown,+98-0012243335776,Iran
3aa1308e-e658-4e8d-a5f7-d30191cd1f6c,Michael Odom,ngonzalez@example.org,+973-7573198835,Bahrain
3aabadef-3088-462a-85eb-df11f13f2e61,Jennifer Anderson,davidparker@example.com,+423-0013683055656,Liechtenstein
3b480637-ec8c-4eb3-b6d4-d371107eb422,Steven Mason,coryrichardson@example.net,unknown,Congo
3c474fce-7479-4759-83a6-3678ce96f4ea,Andrew Norman,unknown,+685-5569594414,Samoa
3e1907bd-306b-4612-b03f-9964c54d5f00,William Thompson,ambersweeney@example.net,+503-0014219716356,El Salvador
3e77461b-6339-47c3-b701-14ddf2d53df0,Jimmy Bean,leonardglenn@example.org,+268-2403494847,Swaziland
3f39f7c4-6613-4438-a6ab-65c259b6d2d1,Kyle Lee,ekent@example.org,unknown,Dominican Republic
3f6c26f3-aef8-4992-a588-18b2d28726ff,Matthew Brown,edward90@example.org,+81-7112520240,Japan
4166b61a-cb6d-4190-ac0b-df812c0308ff,Travis Reynolds,joshuawilliams@example.com,unknown,Guatemala
41b14a02-df69-4f06-bba9-a32a32d7c008,Annette Shaw,willisanthony@example.net,+249-2982905969,Sudan
4292fc26-d0a6-4ad8-8a77-04722b5a0970,Gary Prince,april15@example.com,+1-246-4038487508,Barbados
431c3974-f686-4979-a530-198189717bfd,Brenda Crawford,unknown,+960-0016064139966,Maldives
433fb306-e4da-40f1-bb7c-ec519c430ff8,Brenda Martinez,velasquezdestiny@example.org,+98-4075499580,Iran
44b76e6b-5b75-4080-a619-d310669b11c0,Rebecca Barrett,isaiah57@example.net,+248-8608173059,Seychelles
44d6a920-5aeb-4543-a174-690164e3ed0b,Michelle Tran,fisherryan@example.org,+672-5439762407,Heard Island And Mcdonald Islands
44eecbca-dbe0-4f32-b491-815b7b89c389,Ronald Robinson,biancastewart@example.com,+239-5705764709,Sao Tome And Principe
45a5bd86-2bb5-48d5-8af8-6e10c7e07bb7,Paul Gonzalez,stewartstephanie@example.com,+359-7734212120,Bulgaria
46429917-5a0f-4042-b39b-3dda0e9e9151,Jody Holloway,butlerbrett@example.net,+238-5393062934,Cape Verde
46995174-1c3b-40c5-b9b4-312bbfd49289,Sandra Guzman,scottangela@example.org,unknown,Barbados
470a6b1d-1ead-4843-b58d-4ca3f441db4f,Sabrina Harper,randy12@example.org,+267-0014996375163,Botswana
471524fb-d938-4f65-80d0-6ee269761b2f,Gail Morrow,williamscrystal@example.net,+34-7103392713,Spain
47fae057-1414-4281-84b1-c36c87aee80b,Michelle Marshall,moraleskenneth@example.org,+52-7319711922,Mexico
480bccf9-0f7e-46e3-b5e4-f59de3a78e42,Kathryn Adams,unknown,+39-6504292010,Italy
489f42c9-55f0-44d8-bb59-55c524accdc8,Jeff King,chaneyricky@example.com,+688-2976896759,Tuvalu
48f17009-8f9a-4b05-a050-d881008a790b,David Nguyen,thompsonjames@example.com,unknown,Sri Lanka
48fd0fea-3e22-424a-b63b-d7cfd99e27dc,David Davis,manningdarin@example.com,+504-5718087041,Honduras
48fd251c-109a-4a51-a9e0-96b983f609e6,Bryan Alexander,manningjoshua@example.net,+95-9395151344,Myanmar
4906f8ff-632d-4e40-9819-b8f05a57ffe7,Ashley Harris,brooke53@example.org,unknown,Macao
492cb81e-45e2-49fd-9337-c0986cfcfc17,Anna Bryan,ablackwell@example.net,+53-6809336711,Cuba
496d85f5-d948-4b71-a41e-e930d6586c7f,Joshua Hebert,jeffrey85@example.org,unknown,Pitcairn Islands
4a9590d8-9663-4dbe-94c2-2a949a4471f7,Amber Parks,ryan23@example.org,+246-5573573942,British Indian Ocean Territory (chagos Archipelago)
4aba2e91-ab58-419d-9377-f8ea292d60c0,Tammy Jenkins,davidjackson@example.net,+86-3769777398,China
4c102fa1-f886-4eda-85c4-0f6d1e7116d6,Cassandra Phillips,richardtracy@example.com,+262-3793509727,Mayotte
4cad5279-5ebb-47ac-9d2b-796f4f62771a,Charles Sanchez,unknown,+597-5777436772,Suriname
4ce1f2a2-d61f-43bf-81b8-7225cc56c14f,Jessica Frank,michelle98@example.net,+258-0015658663028,Mozambique
4d088ec8-25d7-417f-a6d0-86a1ae907147,Michelle Moore,iwashington@example.com,unknown,Latvia
4d49980c-3673-45b6-8dec-800abe913197,Kyle Dean Md,thompsonjennifer@example.com,+508-2128142921,Saint Pierre And Miquelon
4da4d70a-a5bf-4430-9f9e-11be2fdf42fb,Shawn Little,qbryant@example.org,+509-9052492114,Haiti
4dcdd84f-3ba7-48b4-9aea-50fb92be028f,Kim Hester,rowecatherine@example.org,+221-0018722962057,Senegal
4dd64bed-2baf-4b81-91b8-e781374787f5,Joy Hicks,melissasmith@example.net,+239-9126147615,Sao Tome And Principe
4efc14d8-e1ae-46aa-97ec-b1b415271198,Renee Sharp,contrerasmelissa@example.net,+58-0014957063443,Venezuela
4f8250f3-4ca8-4f30-90ac-13fb25b972be,Thomas Barnes,jeremy50@example.net,+370-4099164901,Lithuania
500062b9-cd7a-404c-8ab3-19a254ca9455,Sandra Bray,heatherbrown@example.org,+44-1481-5462073603,Guernsey
500a7880-9ca6-40ce-9c21-65186d7f1eb8,Vanessa Hamilton,maria68@example.com,+886-0016662142365,Taiwan
5092f3c7-8ac9-444f-b361-4271ddf318c7,Brian Strong,benjaminfrancis@example.org,+252-0019416252480,Somalia
5130890c-8225-4123-afba-4c9e967a4535,Crystal Rodriguez,unknown,+354-9007005604,Iceland
51330407-f78c-4722-860a-d90dc1b595af,Derrick Todd,hernandezcharles@example.net,+672-8356169212,Heard Island And Mcdonald Islands
51983bd3-03a4-42c8-b784-e978d8771d0f,Michelle Brown,robertslaura@example.org,+992-5198337359,Tajikistan
51b50514-f430-45cf-a2aa-3d5423f42cc2,William Garcia,shane83@example.org,+590-3072250525,Guadeloupe
52a86091-196e-4b0f-8f78-c252ace37d28,Edwin Watkins,phillip17@example.org,+508-7669606409,Saint Pierre And Miquelon
5355cd8b-9982-42e3-91f3-e013e44ae2a2,David Wise,trevinobrandon@example.com,+353-6944380692,Ireland
5372abfe-a410-44a5-8e36-31bea77cc6dd,Gerald Hunt,qking@example.com,+241-8135664104,Gabon
54071699-f838-4567-af10-ebc9368e025f,Samantha Jackson,rickeypeterson@example.com,+51-3514575131,Peru
545f72f2-43eb-4216-aa29-be7032a174d4,Alexis Johnson Md,amanda52@example.com,+256-8259213623,Uganda
54ba475c-eed6-4d9b-ba8a-1652f11acbc2,Brian Chavez,oconnorricky@example.org,unknown,Northern Mariana Islands
552651e9-3ff6-4c64-bdc5-863a8c65c5b2,John Snow,harmonstephanie@example.net,+86-7503769835,China
55d71f6a-a09c-4e86-86ae-c2c13e4fa152,Lauren Price,xthompson@example.com,unknown,Iran
55f70932-3469-4536-a034-a92fb656766f,John Young,simpsonjoyce@example.net,+353-9379679400,Ireland
5613fae4-8955-454c-81d7-c4d0ce4a4cbc,Brittany Cochran,wilkersonwesley@example.net,+998-9109466222,Uzbekistan
56913285-ca55-478c-9458-f85607bc2882,Anthony York,elizabethhogan@example.com,+232-4243843794,Sierra Leone
56c358bc-4463-4ed7-a555-56878d20bfc9,Samantha Paul,mitchellstacy@example.net,+266-0017802917871,Lesotho
5763fb1e-1da0-47ac-bcdd-ebf926dbf43b,Tiffany Espinoza,unknown,+372-2346263603,Estonia
57f568d3-0c59-4f02-968f-4faecf49b066,Thomas Alvarado,johncook@example.net,+503-4419533897,El Salvador
58432be5-350a-4ddb-9ab1-218e02c2f847,Brian Vega,lowerebecca@example.org,+357-5359303711,Cyprus
58f2b617-5029-4905-a59e-93577f9aeb7e,Evelyn Smith,laurabanks@example.net,+263-2499096493,Zimbabwe
590361a8-caa0-424c-8d77-70608c42795b,Michelle Scott,andrewkelley@example.com,+47-4515458632,Bouvet Island (bouvetoya)
5948fec3-3105-42c5-ba35-ae64d252edca,Steven Davis,gonzalezalbert@example.com,unknown,Cayman Islands
59f3019e-8d7e-4dc3-b23f-c1dab63c5f4e,Perry Taylor,averyeric@example.net,+92-7746999892,Pakistan
59f4b9c4-5ffb-4005-9a4e-5eefe8a6ee93,Kathy Dunn,dan71@example.com,+855-3789285733,Cambodia
5aa953b3-e4bd-4b14-be0b-9e895d39156c,Dr. Gina Patterson,unknown,+98-8042930263,Iran
5c611a44-3106-4923-b046-ca494210731e,Laura Dillon,robertray@example.org,+43-6133976990,Austria
5de27449-43b5-4758-99bd-eacfe861c84b,Peter Clay,unknown,+238-5834227384,Cape Verde
5e1d9cb2-a09b-4e31-8bdb-efda92f3380c,Regina Thompson,craigcraig@example.net,unknown,Iraq
5ec59d77-b749-46af-9824-7613a9d1b306,Ryan Wilson,hwebb@example.net,+380-7659561640,Ukraine
5f3977f9-82ae-42d7-97b5-114e8274b349,James Payne,igarcia@example.org,+33-9746371714,France
5f7ad4c7-6574-41c9-9f10-01b6641d6413,Kelsey Martinez,johnnymunoz@example.com,+1-868-9398379360,Trinidad And Tobago
601e4cee-bf02-4075-aa48-34915d171ad5,Dana King,ebenton@example.com,+64-9149496404,New Zealand
614b4d0b-a21d-44de-8e85-fd62680a63fa,Samantha Cruz,unknown,+590-5116477189,Saint Martin
61a98216-3f7a-4a96-b561-172f46606985,Emily Reed,stephenrich@example.com,+93-9752667142,Afghanistan
627d9829-6d52-4899-b01e-9c4843c67bd1,Jason Rush,michaelmathews@example.net,+374-0014047418280,Armenia
63ed770b-aa27-4c0a-85cb-26331817d7fb,Vanessa Bean,sreid@example.com,+967-9224671080,Yemen
64c3b31f-351c-4445-b609-1813020cef91,Brian Morgan,brooke72@example.org,+1-242-8474321905,Bahamas
64d9fc83-354a-4c4f-a4da-a0c9ed1ffa54,Tina Davis,murphymichael@example.net,+961-7005384688,Lebanon
6657a2b2-3041-43b0-ad51-0118b0345ca1,Dr. Jacob Molina Dds,walterscarlos@example.com,+262-8648907410,Mayotte
6693ba68-e359-4332-9500-1c6bf20b81c8,Ronald Henderson,nicholas72@example.com,+886-0015183612379,Taiwan
66a912c2-1e8a-4226-b0e5-986ac0bafeab,Kelly Alexander,ywoods@example.org,+44-1481-7644623139,Guernsey
66b615cf-36c3-428a-8c2e-b006c0f9ea7c,Jennifer Kim,tammyyork@example.org,+290-7335489608,Saint Helena
66bf0b0c-ef19-4104-958b-fe54d80fe054,Catherine Phillips,gloriajones@example.com,+64-5803961848,Pitcairn Islands
66ef8007-45fe-40cf-a6a4-6ceac9a7c5ee,William Cruz,jimmyrivera@example.net,+232-9036414420,Sierra Leone
67b78b5d-cc20-4865-850b-9c2ae56a183b,Jane Owen,cholloway@example.net,+972-0014365726130,Israel
68d10cb9-28d3-4ba7-ae27-eb9a6d129ab1,Cheryl Hurst,okline@example.org,+975-9782663812,Bhutan
68ffaad9-862a-42e5-b62a-07b4444e162c,Rodney Mendez,anthony50@example.org,+963-9625040465,Syrian Arab Republic
69888109-1d76-459e-90b2-cefaa901cdd6,Jonathan Lewis,unknown,+212-0018718419634,Morocco
69a16a0a-81e7-4438-b116-b60a3ccd2c7f,Caitlin Chavez,unknown,+421-7888881647,Slovakia (slovak Republic)
69ac4875-45f6-48dd-8633-01f8bd09bc88,Anthony Harrington,davisbrandy@example.com,+234-2897792948,Nigeria
69cebeb5-ba90-45d7-9c9d-438d7441a86d,Julia Martin,cmcdonald@example.org,+996-5839650907,Kyrgyz Republic
6aa61ef6-8955-42a5-b028-def8cf8cb8ef,Tammy Brock,ortizsamantha@example.com,+212-7822201744,Western Sahara
6bf29934-331d-4f11-b00d-1b1bf5bc3012,Amy Collins,xfox@example.net,+598-0012687321021,Uruguay
6c835c17-8b45-4303-8a5b-3b5c6714aa86,Laura Keller,chughes@example.com,+682-6813063380,Cook Islands
6db91da3-dff0-4c73-8dd5-aa1a5ce857bc,Kyle Anderson,rickygarza@example.org,+239-7218863657,Sao Tome And Principe
6e46a1e4-4537-4371-9ae7-548c56943336,Douglas Costa,jessicamcgrath@example.org,+55-0013768565465,Brazil
6f632742-7f7b-48e7-9c3a-4c5e927f3c2e,Christian Hayes,mcclainalisha@example.com,unknown,United States Virgin Islands
6f6bdbd5-fad6-424c-abc0-7911b83124ff,William Taylor,jaimeayala@example.net,+590-0018978764181,Guadeloupe
6f7e2a62-ebb2-45a4-a15f-89734d914fba,Tammy Andrade,joseph27@example.com,+82-7336176167,Korea
6f9a6e6a-a04f-49e3-974e-508015eec9f6,Timothy Cervantes,gregory75@example.org,+32-7206865743,Belgium
703758f1-a8fe-491b-aba0-4c375aaf40ee,Christopher Baker,raymond85@example.com,+231-5448527752,Liberia
708d05ed-2031-4b3b-b7ba-653b6fef47ba,Matthew Fernandez Md,probinson@example.net,+974-4484652974,Qatar
70a4ae15-0b13-4328-ae69-1a47b5d36d17,Daniel Davila,gblankenship@example.org,+95-2209486753,Myanmar
70f9f2b5-136e-4699-9dba-f21aba27db62,Joseph Allen,clifford88@example.com,+1-649-9844205795,Turks And Caicos Islands
710b89d0-d0e4-41ed-85d4-fedb27a8594f,Christine Hartman,mackenziegoodwin@example.net,+244-2694044416,Angola
7213aa78-ff4f-4fc6-a7cd-c1307badbb07,Donna Graham,hrodgers@example.org,+290-3157986768,Saint Helena
72273f1a-f65c-4c13-89c9-806c1df61451,Donna Clarke,freed@example.net,+221-6153935466,Senegal
73370301-bc1d-482e-b786-c70799aa3387,Taylor Austin,callen@example.org,+1-6594456012,United States Minor Outlying Islands
73ce85f6-bad1-44bf-832d-c2481bb1d1e3,Jasmine Fleming,douglas98@example.net,+1-2682044798,Canada
7421ad8a-eead-44c6-870a-3e9371833c03,Tara Cohen,unknown,+670-6738156651,Timor-leste
742f0811-2251-4809-b175-2f6b2be2baa3,Christopher Carter,michael68@example.com,+7-8813129168,Kazakhstan
746c6bb5-6e44-45c8-a8c1-bd56a3396b9f,George Nelson,zmcneil@example.net,+351-2163759995,Portugal
7528a62e-53a1-4576-9c68-ff35d103af2d,Patrick Kim,gravesangela@example.net,+389-4028756832,North Macedonia
75702ccf-2ad2-484f-b9be-1c48bddc08c5,Darryl Rojas,unknown,+420-9015105986,Czech Republic
75af95a2-e30e-4841-9eaa-0bc65340b18a,Laura Kelly,ehughes@example.org,+507-9057633327,Panama
7622c988-b135-4108-8c85-f99b453b1f9d,Tracy Carroll,crossjennifer@example.org,+1-340-0016089423093,United States Virgin Islands
76ca8016-f484-41cb-beea-882405bdddbc,Jay Schneider,dfrank@example.org,+965-8664529699,Kuwait
77fad2f0-0e5c-4a1d-b7da-63e154f71b8e,Rhonda Duncan,jacquelinewarner@example.org,+61-4248523349,Australia
7aa69157-98e8-47bc-8f87-60424d9c3613,Adam Cooper,paul56@example.org,+689-0017165122132,French Polynesia
7c71fc5b-61e6-4f22-b9b8-c5658210276a,Abigail Scott,bmoore@example.com,+238-5114306186,Cape Verde
7c797d18-1fc6-414f-b4e5-e436323a80d0,Joseph Patel,cindyking@example.net,+501-7707618305,Belize
7cd74fea-3cb7-4f42-aaff-55eeb852e48e,Courtney Roberts,wmartinez@example.org,unknown,Togo
7cdaae1c-7eee-4b39-a90f-8ee3cdb1ecb3,Patrick Clayton,martinezamy@example.net,unknown,Barbados
7ebb6f3e-a743-4262-b0c3-390c4c6023ec,Philip Silva,unknown,+688-5354693264,Tuvalu
7fc24177-d122-41c8-95d7-a885630ad406,Heather Valdez,sfoster@example.org,+297-9393062016,Aruba
8056d143-f0d2-4bc5-997f-bb4e063836e6,Maria Cox,sarah39@example.net,+358-5978997173,Finland
8160ae84-1770-4439-9c71-ff1b9d1b7bb1,James Sandoval,mariacross@example.com,+960-3426420807,Maldives
8176e84e-6332-464e-a706-9643801e1586,Jerome Richard,aguirredanielle@example.net,+63-3897944144,Philippines
81a236f9-f583-4480-80e3-d0b288c991d9,Marie Smith,unknown,+993-7429555993,Turkmenistan
822fe765-a84f-4f9e-a7de-3e2974f39647,Stephanie Young,greenkimberly@example.org,+963-5984867239,Syrian Arab Republic
8342feed-01c0-4011-afc4-b83002164d98,Michael Jackson,kenneth63@example.net,+57-9377540556,Colombia
83f85be8-d495-47ab-bea3-adfc7d241082,George Reynolds,matthewrichardson@example.org,+31-9407711631,Netherlands
8419e344-58ce-4627-ae66-9e44f345dc2a,Tammie Romero,cunninghamcody@example.net,+212-7255403466,Morocco
843365a0-30d5-4796-b601-861cae3cbc75,Olivia Tyler,arnoldnatalie@example.com,+298-7139501631,Faroe Islands
84441f52-77e5-450b-97d2-80f64c5c4fb4,Christopher Phillips,jacksondeanna@example.net,+47-5882883021,Norway
856a3393-0d6b-482f-96d9-04e19d17677a,Michelle Moran,josephmurphy@example.net,+692-4283980320,Marshall Islands
8588e821-cdd8-4103-b2fb-3f0dbcf5c551,Jackie Jackson,emendoza@example.com,+242-4285790421,Congo
86b74a1f-25f6-4fb3-b91d-bdd3c66382b4,Angelica Mclaughlin,slopez@example.com,+880-0018942250193,Bangladesh
8758831f-c1cb-4369-b61d-55de280a4dca,Sandra Butler,cthompson@example.net,+240-6993216357,Equatorial Guinea
87728329-1121-4e4c-b2d7-35cca67a2275,Laura Brown,jeffery17@example.com,+212-4205499634,Western Sahara
877b1593-0779-4490-aff6-e860b828f4d9,Robert Thomas,unknown,+44-1534-2026652935,Jersey
8810de37-671b-42cd-99f9-89f1aaf6da1c,Benjamin Martin,unknown,+354-0015648912620,Iceland
8882d25f-56f0-46d3-b778-8b3e4d16f519,Dana Smith,valerie41@example.com,+245-7615365515,Guinea-bissau
8929c616-bc17-4572-8349-0a586dce21ed,Jaime Anderson,jennifer73@example.net,+676-6446805464,Tonga
899ee796-1fae-43de-8d68-b6ed08091a0f,Tamara Tran,vvega@example.com,+240-2852256537,Equatorial Guinea
89c077ce-2541-44a3-9193-94cc150e69a9,Ray Murphy,lramirez@example.net,+225-9538178866,Cote D'ivoire
8a433d9c-5634-4deb-9186-69b5eb2e42c6,Michael French,crystal97@example.org,+30-7323396202,Greece
8a5657a9-021b-4b28-9360-ba7b35393f63,Daniel Berg,michellechambers@example.org,+1-868-8122970114,Trinidad And Tobago
8a8e0e43-2a68-4545-9e19-08f44a319476,Scott Guzman,dguerrero@example.net,+679-7597911455,Fiji
8aa69e92-8927-4ee4-bb75-60e6297adeaa,Hunter Carroll,nathanvazquez@example.com,+381-0017258373310,Serbia
8b32a852-99ed-4dec-89a4-1f44ffcf50b1,Kevin Gallagher,katherineschaefer@example.com,+994-2584212413,Azerbaijan
8c96c1f3-301d-4652-8808-ed7fd44c96d8,Amy Mercado,lawrence46@example.org,+61-891-5348509855,Cocos (keeling) Islands
8ca9b924-d19b-410e-a982-039971bc9c42,Craig Vance,howelltracy@example.org,+672-8145284305,Heard Island And Mcdonald Islands
8d356841-fb0c-4dfa-9f69-537edf941b50,Sydney Davis,greenchristopher@example.net,+597-0013457452516,Suriname
8d533d2a-7c02-4345-8a9d-0349182dd268,Daniel Cruz,unknown,+54-9154730918,Argentina
8e39546e-5d13-42c5-b956-84d02ba2e1b7,Angela Brown,unknown,unknown,Cuba
8e5cd20b-e463-42f4-83cd-c50d0c72169c,Gabriel Pitts,halldavid@example.com,+54-6918366785,Argentina
8ea03ec4-de7c-4231-92b4-3aea610cdfaf,Jordan Dawson,baldwinjoseph@example.com,+235-6508452426,Chad
8f42d0ab-d446-4084-a40e-70c1fae0468e,Patrick Berry,savageedward@example.org,+378-9093880200,San Marino
90642a03-5942-4192-aaaa-67baf3e2a6b3,Steven Martinez,ayalaangela@example.com,unknown,Cook Islands
934c9119-2846-4489-a615-841c7f3d1082,Heather Wiley,elizabethryan@example.org,+423-4592128141,Liechtenstein
93d47a90-0e32-498a-96f4-b33c1ee5d23f,Timothy Hill,thompsonrebecca@example.org,+44-8133098396,United Kingdom
93dc833d-ab7f-472b-bde7-be725e1cb16f,Brian Ford,christinedelgado@example.com,unknown,Monaco
94076d20-2d99-415d-b532-8232d6539b32,Timothy Lopez,kathleen18@example.org,+961-0016024827792,Lebanon
952f6b7a-4c86-478c-a97d-b7266b95fbe6,Carla Hall,josephking@example.org,+62-6567119784,Indonesia
959c3d18-9747-4de6-acc9-1a505deb7ea5,David Morgan,seanarroyo@example.com,+82-3924245775,Korea
96012fd8-091c-4290-a3c3-b8fb9b8772e0,Ruth Alvarez,unknown,+675-9179657512,Papua New Guinea
9811739a-a9a7-437e-b44a-85a97b532ff8,Keith Martinez,znorton@example.com,+374-5752494736,Armenia
9847b4ef-25c3-4e11-be68-347b6eed2022,Lisa Salazar,david64@example.com,+421-2175567734,Slovakia (slovak Republic)
98508bcb-cc65-43c1-8126-dd6aa3831d5c,Laura Anderson,scotttimothy@example.org,+231-9373220859,Liberia
98c39fbb-93bb-4c88-b540-042c1cd9433e,John Hall,alicia01@example.com,+1-876-5196346091,Jamaica
99584202-0270-4f74-bc88-429c690a8b5c,John Sanchez,josephtorres@example.org,+381-6809856294,Serbia
99bf53c7-0da5-4fcd-9a19-0dcd9e0b27a3,Mr. Austin Walton,murphylaura@example.org,+49-4287523230,Germany
9ba98aff-e099-412c-979f-9b63a3b6f9c6,Shelby Gonzalez,browngregg@example.net,unknown,Lao People's Democratic Republic
9c1baa94-9eda-4531-b807-e6e05bedee88,Anthony Leonard,smithapril@example.com,+965-6249132478,Kuwait
9ca4c4ed-49bd-445d-9dad-9a32cbbb2145,John Henderson,dillonlisa@example.com,+223-0017899870072,Mali
9cfec88c-9489-408d-a297-3fa9bfd32674,John Yates,davidfreeman@example.org,+670-3217400433,Timor-leste
9d32e2e9-9d94-422b-b6dc-730b2fa668fd,Kevin Alvarez,isaiah98@example.org,+381-9296728348,Serbia
9ee25ed5-e5ae-483e-8e89-08ae39f3088f,Sherry Freeman,cummingsmitchell@example.org,+677-0019404772473,Solomon Islands
9ef75e2b-2517-4e6d-b752-ae890322233a,Walter Lopez,stephanie56@example.net,+387-9766235313,Bosnia And Herzegovina
9f50ba63-e48d-4c8d-87ca-b0e8039a2f93,Stephanie White,kimherring@example.org,+57-0012493554649,Colombia
9f8a4fa9-aaa4-481b-98c3-216d940a4ac6,Joseph Hill,dixonmichael@example.org,+855-2423498772,Cambodia
9fd178dc-cc0a-443d-a3e5-40880df4ac6b,Debra Ponce,jpeters@example.net,+34-6085703121,Spain
9fde07a1-09d5-4c61-bcbd-4ac93e845af9,Rebecca Hanson,jenniferwillis@example.com,+1-649-5354167519,Turks And Caicos Islands
a0a4a452-1235-488f-beb2-5935d4ad9d32,Jerry Robertson,wilsondavid@example.org,+670-5822804063,Timor-leste
a0e7eba6-b2a3-4c82-bb56-02358a21b42a,Pamela Williams,myerscory@example.org,+61-891-5489468546,Cocos (keeling) Islands
a18aa4ff-e7be-4e30-9205-6d82327a649a,Scott Robinson,hdelgado@example.com,+251-0017918609753,Ethiopia
a22797d7-1202-4ae3-9266-a3a33bd5406e,Jeffrey Watkins,bkennedy@example.org,+381-0014325912661,Serbia
a24f83e7-7de7-4196-a7a7-ba9d21823b14,Cynthia Alvarez,unknown,+250-7374670957,Rwanda
a28e0da1-cb27-4de4-bf2d-6a40b8c9985b,Christine Moreno,unknown,+382-4552930275,Montenegro
a3cf1824-f93b-415e-b0c0-191430e4bf0e,Ethan Shea,lorievans@example.net,+1-868-9658633212,Trinidad And Tobago
a3f2a01b-6610-4ad7-9073-abfbabb98f3b,Shannon Blackwell,jose01@example.org,+230-9454265223,Mauritius
a3fc7d8e-7381-4104-9511-95d4149539ce,Christian Moore,unknown,+960-6475739285,Maldives
a5571fa0-25bd-4d78-a2d7-fa8eb23cdba2,Bryan Lucero,pricemelissa@example.com,+355-2092452643,Albania
a656f3c3-fd35-488f-a171-12522396e418,Brianna Pacheco,baldwinteresa@example.com,+242-0015732423509,Congo
a672f866-e1e2-4212-9f00-c331c0606029,Janet Reyes,barrettchristopher@example.com,+977-5559675572,Nepal
a816cf2d-0c49-4c1c-9a05-64715fc11b29,James Gross,unknown,+971-4098949891,United Arab Emirates
a85e6a90-78d5-490c-a53f-c58b2e57c59b,Shannon Deleon,unknown,+81-5878628895,Japan
a86c33f3-1d66-47a1-b688-9a980aa8ba50,Cassandra Hunter,joseph15@example.net,+1-868-0015375505297,Trinidad And Tobago
a956e5f8-b764-439a-b921-53cc68af9d0d,Kenneth Parker,samuel13@example.net,+681-3783231710,Wallis And Futuna
a9870b94-ad60-4ff4-99a9-817ecf8e4a1a,Jerome Garcia,unknown,+229-2663858993,Benin
aa6b678d-9657-479b-95e7-da3d33daf3b6,Cynthia Smith,isabella28@example.org,+590-2395719257,Saint Martin
aaa3cb01-e425-4429-a9fa-574b61ccfaa3,Joshua Taylor,brian25@example.net,+389-7536986264,North Macedonia
acd954dd-52a7-4c51-8bc6-d587e562ec0e,Ethan Ballard,jeffreydavis@example.net,+1-767-8534939179,Dominica
ad9465fa-eb61-4faa-84ff-e5194bd62ea2,Katherine Williams,erin39@example.net,+964-3924935620,Iraq
aeae7968-903a-4ede-ac45-0bc6826afbaa,Nichole Ball,oyoung@example.com,+221-9376679379,Senegal
aef56cc0-b77a-4ef4-a4c7-82f6a7760fb3,Catherine Johnson,yperry@example.com,+262-0019335060742,Reunion
afb47af0-4389-4954-972b-964db440169c,Elizabeth Williams,trevortorres@example.net,unknown,Ukraine
afdc2a3c-a1f6-49c2-91a8-734374338851,Joseph Smith,michelle94@example.org,unknown,Ireland
b00b496d-1daa-4b47-9d1c-b33517e4573f,Heather Smith,mlowe@example.com,+212-5687670750,Western Sahara
b0d4f1e8-7f0f-4d61-8169-81ee81f204e6,Chad Leonard,connerjillian@example.net,+687-8834609425,New Caledonia
b161e3c2-7641-4be2-99d6-1b4b62f73e57,Joseph Medina,waynegomez@example.net,unknown,Bahamas
b34edc3a-c63e-4b27-9c2f-fb3cdf68a8ed,Jenna Campbell,george33@example.com,+692-0014297091366,Marshall Islands
b38a8161-d182-45c1-92eb-c5fba24dd198,Anna Tate,jwest@example.net,+977-8724359183,Nepal
b40e5c83-9808-4dc6-966f-5451f83b4aec,Eugene Miller,thomas43@example.net,+236-0015786690358,Central African Republic
b4c2fa89-abf1-4c25-8f69-d087c866328c,Daniel Gibson,frogers@example.org,+47-3207419378,Norway
b552b0ab-faf1-452b-a2e6-7b37a31aa881,Tricia Carroll,michelle14@example.net,unknown,Djibouti
b557df31-34c0-45a0-9394-6bfa2b26a1fb,Albert Ward,rarcher@example.net,unknown,Holy See (vatican City State)
b57e5b8a-f34a-4bc7-93a5-3a528719706c,Kathryn Bean,kkeller@example.org,+61-9653732583,Australia
b58957f3-667b-462a-9fd0-dc93ff521145,Sherry Walsh,kellynathan@example.org,+57-3808442118,Colombia
b635dea8-76be-45c8-a900-1ac6f0a142c2,Nathan Hernandez,daniel88@example.net,+690-6172008073,Tokelau
b6878cea-1767-4d07-bba5-a1a762f27aee,Brian Martinez,brianna83@example.net,+225-7895616798,Cote D'ivoire
b70e7c3c-6c5a-4469-88ac-b2857e5a92ed,Ryan Ramos Dds,melissa49@example.org,+235-0014102144852,Chad
b7cc50b3-970a-4ba6-9503-b220c104467c,Jason Davis,cmontes@example.com,+351-3488186658,Portugal
b8564eba-3bc2-4300-a6a0-7c2d32c5258e,Timothy Walker,fespinoza@example.com,+352-5567739174,Luxembourg
b8e96810-c0bc-4b5e-8e2c-8b61afd70831,Kimberly Allen Md,cwebster@example.net,unknown,Belarus
b8eaa8af-fe31-4f60-a4d3-2037756d4e56,Mrs. Elizabeth Huffman Phd,shane18@example.org,unknown,New Caledonia
b90fe481-23fd-43db-b717-7efed70e20d1,Christina Warren,melindaholt@example.org,+371-4056979702,Latvia
b924f339-3a7f-4082-811e-2141cb6a3825,Nicholas Bowman,mary15@example.org,+44-1534-8767758061,Jersey
ba395db1-0232-4cb7-a751-f1dc9e20b251,Chad Tyler,amandaflores@example.org,+970-2706409587,Palestinian Territory
bab75d30-5312-40af-bd12-ed7bed445afa,Lucas Jordan,jamescummings@example.com,unknown,Antigua And Barbuda
bab94f6f-db26-4f46-b21e-67dcff924b6e,Kevin Ward,jacksonsamantha@example.org,+1-869-8142453186,Saint Kitts And Nevis
babec972-ffb3-4c56-99c3-e8e3855adf0f,Christina Sanchez,craigprice@example.org,+509-4832368495,Haiti
bbd6947a-99f5-4ec5-8f88-c77cd6391a20,Jennifer Green,browntina@example.com,+57-7828623528,Colombia
bc7a1591-33bf-464d-ae17-fdc622dd31d4,Tyler Gonzalez,joshua65@example.org,+855-9036534854,Cambodia
bd56525d-e899-4312-9763-e79d3f6fa54c,Janice Hughes,imurray@example.net,+590-8735175295,Guadeloupe
bda6df9f-0c7f-42f8-837a-fa2009db65fb,Colleen Shepard,rbowman@example.net,+258-8493082049,Mozambique
bde317de-ef02-449e-9c51-fd3d4874f527,Danielle Moore,doyleaustin@example.net,+672-2887162640,Norfolk Island
beeee184-9c65-4d6f-b4ab-e41857540b1a,Benjamin Williamson,ugarcia@example.org,+242-0018077647249,Congo
bf6a39cd-3f6f-4db8-979b-309e062a0bd6,Travis Hines,zacharybyrd@example.com,+230-3557112380,Mauritius
c030bb33-2044-4d2b-9c5b-33ef5e03b98b,Jennifer Lewis,smithsusan@example.net,+690-0012857519483,Tokelau
c09bb5b8-b44b-4f81-a231-36843fc824d2,Kimberly Watkins,hernandezmelissa@example.org,+246-4745347110,British Indian Ocean Territory (chagos Archipelago)
c109710b-a654-4bea-80df-ee0fbcf16664,Lori Bishop,unknown,+1-264-6266937052,Anguilla
c11b56a9-62cc-4b81-89a5-88781dc00f00,Mr. Michael Grant,ethan05@example.org,+81-7336481991,Japan
c1e7a24a-0cc4-4a3e-8cf1-1e3487076ef4,John Carter,ryanking@example.org,+226-2218434518,Burkina Faso
c1ef6db1-e10f-4ffa-b055-7a65d2f15401,Michael Rasmussen,valdezapril@example.com,+254-0019152088395,Kenya
c2195696-d59d-48aa-9e98-2457bb790034,Ashley Montoya,wallscheryl@example.net,+39-0014926225819,Italy
c2622e7f-1cb5-4dc2-90d2-46fe480dcae1,Madeline White,jose28@example.org,+1-664-2892868753,Montserrat
c2f23a03-dacf-4454-84fe-9fc71c0823b5,Mary Brown Md,fosterkathleen@example.com,+1-3624651857,Canada
c32bbb29-fbd6-4145-8cf2-3cfa072ca189,Edward Allen,alexandermorton@example.net,+47-5405717039,Svalbard & Jan Mayen Islands
c3bd109a-37ad-4d02-810d-c75c985062fb,Matthew Ball,pmartinez@example.net,+992-2012729715,Tajikistan
c3d06e21-d959-43cd-a92f-4600886542ba,Bianca Murphy,kenneth05@example.org,+1-787-7138137453,Puerto Rico
c574c838-f8f7-4e22-b8fb-5950756262f4,Raymond Beck,pmartinez@example.com,+60-3113023193,Malaysia
c6061e5f-c4ba-4f2d-94eb-da34579f8519,Cameron Silva,sydney01@example.net,+64-6393957205,New Zealand
c756b950-6500-4c4a-90c9-61aea582d3ab,Monica King,nielsenjacob@example.org,unknown,Estonia
c7b6bdce-a75f-4453-b800-a600655027a1,Tina Skinner,creyes@example.org,+506-2883804348,Costa Rica
c7f17f22-4ba9-4d2d-b8b7-0c514fb0b751,Scott Crawford,marydavis@example.com,+92-9982347024,Pakistan
c83fa867-56ae-4338-8ac3-de10c62031f1,Alex Gilbert,maureenwright@example.org,+359-4739689853,Bulgaria
c9586ca2-0282-4f57-9f11-c8894f6d7361,Christopher Williams,frazierdeborah@example.com,+1-787-5164783167,Puerto Rico
c9b2ee90-9c2c-4140-9059-0470d7e76266,Emma Nicholson,john61@example.com,+590-5717115975,Saint Barthelemy
caf55914-e4c8-4286-bf17-525690611587,Brittany Rosario,laurie62@example.com,+593-7186255873,Ecuador
cbbcf29e-4b50-41b9-acdc-53318fa98227,Paula Velasquez,jacksonpatrick@example.org,+226-8435896963,Burkina Faso
cbd8dd38-90fb-42bd-bff4-11f6b2057957,Hayley Mcdonald,richard07@example.org,+594-2606964902,French Guiana
cc56da90-b661-437c-aa66-b5ad62fb5622,Amanda Ward,martinezjames@example.net,+688-0017539609368,Tuvalu
cc9a2115-b197-4a2b-9a6a-0fb2da5a0c73,Lori Rose,benderashley@example.org,+55-0012868336645,Brazil
cde0c2fb-5bd7-43f6-a9ac-7f27d89005c7,Cameron Santos,pattersonamber@example.net,+245-5585304616,Guinea-bissau
ce8c4a0b-0579-4b86-aeff-5acee3c3021f,Elizabeth Ramsey,anthony54@example.com,+40-0017384897203,Romania
ce9cfb03-0d1d-4654-bd97-1a90c4c160fa,Mr. Russell Richardson,georgejones@example.net,+90-7949979535,Turkey
cef0b5e5-7791-4972-8737-655b631b9a0d,Shelley Maxwell,marcuscooper@example.net,+966-5879036412,Saudi Arabia
cf708bf2-a6f5-4119-b7b9-060573ca79c4,Caitlin King,sarah58@example.com,+53-6348783612,Cuba
cf83e969-17fb-4956-94bb-fdf26d66da03,Christopher Scott,pattonjesus@example.com,+34-8617989950,Spain
d0d14c16-f3b2-4f8b-a675-d0f21adb8dbe,Stacey Stewart Dvm,unknown,+855-7718870901,Cambodia
d175f8f1-f29f-448f-a9bf-28d9d20e6d47,Stephen Price,ztorres@example.com,+262-3795781107,Reunion
d1ab5bf3-78e6-47b4-8db4-7064beb9482d,Amy Grant,pmann@example.org,+853-0013737128210,Macao
d1c31505-73ab-4e70-86b3-a6c358694f1e,Ian Matthews,umckinney@example.net,+1-671-4266737153,Guam
d29ce320-6934-4c38-bcc4-3a1982bf186e,Carl Mann,ramirezkent@example.org,+691-4476429229,Micronesia
d2c89e2c-00a6-47ca-b68e-354a85d82544,Derek George,hensonterry@example.com,+597-7683631984,Suriname
d35f144f-88dc-4908-8c59-2ad05075d919,Mackenzie Barber,daniel70@example.net,+262-0014645192953,French Southern Territories
d3a3c064-3115-4cd4-9d1d-3d2a77efa468,Curtis Wong,brittany39@example.org,+682-9648252641,Cook Islands
d45d89c0-b213-4ac0-88fe-9b34f9303791,Susan Allen Phd,robert12@example.net,+373-4866059695,Moldova
d46dba64-9572-42fb-a302-7b2ca9d4d303,John Garcia,ihuerta@example.com,+592-3864278566,Guyana
d4bb43e8-8f72-4ff6-ab26-b6fac8f26584,Kirsten Osborn,jeremylozano@example.com,+503-5178879632,El Salvador
d4caa050-cff9-41a7-ad83-9140288c3dec,Kyle May,christopher59@example.net,+690-6947989797,Tokelau
d625e728-93bf-4b14-8bd6-0fa9260e01f8,Victoria Hahn,robert64@example.org,+977-9739646039,Nepal
d63527d7-7e3a-477a-9647-7ea1d9bdb87f,Ann Smith,solischarles@example.com,+852-3952321750,Hong Kong
d6910a32-d23a-4450-b409-ab287937e50c,Michelle Chambers,cindy00@example.org,+260-3396770492,Zambia
d6ae30a4-41de-40b1-8f7b-3acdcaedb4ce,Marc Martin,chelsea11@example.net,+43-7999256767,Austria
d74c33bd-69d9-4718-9e00-d1895a41ddac,Thomas Brown,vjohnson@example.org,+92-2769037065,Pakistan
d7522cab-f713-4c74-9d32-fadba3a20a85,Sarah Duran,francisleblanc@example.org,+856-0018633150524,Lao People's Democratic Republic
d7b1f2e9-0f8a-4937-ada5-16c03a9229fc,Kimberly Sanchez,callahanphillip@example.net,+232-9268339607,Sierra Leone
d81fb3b9-223a-4a2f-883f-ed21ba7eec5c,Lauren Porter,jennifer62@example.net,+269-5488487796,Comoros
d84ee991-738d-4fce-add7-34c8ac144bdd,William Graves Iii,joannecohen@example.net,+253-2725766537,Djibouti
d901b9b6-1826-4e6a-8c12-8ad5435784a3,Jason Johnson,msmith@example.org,+240-5053877042,Equatorial Guinea
d9d4012e-c135-452d-973a-b824f10ffc43,Jeff Porter,bmassey@example.net,+1-345-8026391143,Cayman Islands
dae0689d-0c38-440c-b921-fe2413c3df3b,Margaret Terry,jmiller@example.net,+973-5166804883,Bahrain
db150905-e2d4-47d2-840d-65c971d634a2,William Ray,xmcgee@example.net,+250-8916155800,Rwanda
db2a4c30-a4d3-4b32-b2c6-4f4c903d2f68,Natalie Reynolds Dds,hallheidi@example.com,+675-5988228631,Papua New Guinea
db764e86-f0ac-466d-ab8d-f557395b7a5a,Alexander White,cory18@example.com,+1-473-5869280193,Grenada
dbf90d56-f362-4105-bbc4-fe2f74ec19ee,Franklin Brown,norma10@example.com,unknown,Colombia
dc1d043c-1085-4f95-aeef-7eb26647ca77,Christopher Anderson,brittany18@example.com,+508-9385699876,Saint Pierre And Miquelon
dc4fde3e-5b94-4da9-8335-1b7b6bd9a166,Latasha Romero,lopezcarl@example.com,+232-7116639816,Sierra Leone
dcf23921-ec46-463f-8649-2044a7d3163c,Heather Johnson,bcollins@example.com,+216-6594885154,Tunisia
dcfde7f7-afda-460a-824f-3d0a873d057b,April Phillips,unknown,+423-0014184359902,Liechtenstein
dda34362-f2b6-42ac-966c-ba2d786a33f1,Crystal Elliott,susanbrown@example.com,+855-8476975225,Cambodia
de2001d2-a757-44b3-b14c-6b58771d1e61,Jeffrey Calhoun,unknown,+590-3475858073,Guadeloupe
de8a7d83-4e9a-4ccf-aabe-07d5c37f232f,Michelle Snyder,joseph29@example.net,unknown,Western Sahara
df03db23-40db-4205-81b3-2fd2a0a0cfa7,Christine Caldwell,jaykennedy@example.com,+44-1481-9536188838,Guernsey
df1d006a-dcec-4ae8-902e-76ed5de0c0f5,Ruben Guerra,victoriascott@example.com,+853-3807760484,Macao
df6c1c7e-8f4f-45dc-aaaf-3428c8646537,Sandra Griffin,bryan68@example.org,+966-9162306304,Saudi Arabia
dfc9bfce-6504-4d84-9781-21818c665b9a,Rebecca Martin,taragraves@example.net,+356-8082056692,Malta
dfce9c24-71c4-4cd8-9b59-f34e48842979,Jeremy Jones,millerjeremy@example.net,+267-0014988400507,Botswana
e038c0d5-276b-4767-b22a-2f489f76d9ab,Amy White,jonathan75@example.org,+967-9235173754,Yemen
e16a64a3-cd86-41ff-b494-7922f780f3ed,Jeffery Wagner,tranmichaela@example.org,+960-8755328141,Maldives
e1e803c7-31c3-453f-8edd-3cab47c7f2c2,Chad Reese,unknown,+1-671-5577846500,Guam
e26383e6-4eeb-430c-9a11-386e157233f2,Mary Pacheco,kylerobinson@example.org,+231-8484272009,Liberia
e311bd6f-bf8d-4564-91d7-7167be83ac00,Cynthia Walls,fhays@example.com,+373-0017718294155,Moldova
e389eea3-1879-4df8-9311-fb2b068c4082,Richard Hernandez,isimon@example.net,+688-7517334401,Tuvalu
e390fd9b-f416-4179-82d5-54f275ed749e,Erin Porter,sharonwood@example.com,+1-868-0014632760820,Trinidad And Tobago
e47edfb0-2977-434a-8bc3-f75b8b6ea95c,Glenn Fisher,rliu@example.net,+62-7875914982,Indonesia
e525e7f9-41ee-48bc-b8f4-81a75acbc3aa,Heather White,ele@example.net,+971-0016409830499,United Arab Emirates
e5ad8793-f122-4924-bf84-74ee9a830f6f,Amber Melendez,maureensmith@example.net,+972-8188912503,Israel
e65089f8-9b69-4899-a0f2-bafe03e6c7f3,Karen Hughes,michael74@example.com,+62-4675239933,Indonesia
e687205a-fc06-4534-ac1f-fb6295bfbc7f,Aaron Martinez,lnelson@example.com,+1-758-0017153988746,Saint Lucia
e6d8f10e-2ae8-446d-a0ed-bd0b5d29b3b6,Kimberly Edwards,garrettoscar@example.org,+1-868-9176632294,Trinidad And Tobago
e738d2c5-cd3e-48fc-b2d4-5c181e398120,Amber Bradshaw,judith30@example.org,+240-3593844954,Equatorial Guinea
e78cedd7-bf36-4830-8f22-4552ac5599b7,Courtney Bentley,norrismichael@example.net,+387-9833823317,Bosnia And Herzegovina
e7b2165a-a574-4b2a-8d1b-4a1b686f163b,Thomas Patterson Md,smithnicholas@example.org,+39-9643371689,Italy
e7e0f57d-c9c0-4f95-b73c-a8fc4061dabb,Michael Wilson,natalie16@example.org,+32-7414746595,Belgium
e80d8281-f41f-4701-ac74-5375a3cc7abb,Brent Benitez,hillmargaret@example.com,+389-5142389986,North Macedonia
e8149776-a6c9-4412-9436-492cbbe69d53,Glenn Michael,rcarr@example.net,+299-2103866120,Greenland
e8c294e5-e3e0-4af2-aadc-bcbb77e4c339,Alexandra Medina,elarson@example.net,+359-0018464767125,Bulgaria
e9197652-e110-4cdf-9227-23c66f0a2f33,Kathryn Fuentes,wmullins@example.net,+595-8947860577,Paraguay
e94efd62-e957-421d-82ab-41b795cfdada,Lisa Nelson,gregorygregory@example.com,unknown,Algeria
e9523310-5cbd-45d6-a9e6-2e17db4e45e3,Barbara Bryan,andersonamanda@example.org,+678-3728279981,Vanuatu
ea0fc986-f19d-4eb6-9a00-7e1c1bc6025e,Deborah Melendez,hdudley@example.net,+30-4856423345,Greece
ea448055-3fb4-4d50-b080-1e362b2d757f,Nicholas Castillo,unknown,+599-2487445507,Netherlands Antilles
eae94849-07d3-446f-a8a4-12c6fd7aed4b,Lydia Sullivan,kathleen44@example.net,+81-8454540754,Japan
eb4c8fec-1fce-4b07-a64a-a628730fe8d4,Chad Madden Md,nelsonscott@example.org,+1-345-2566260421,Cayman Islands
eb719f2b-721c-4e0e-b322-2074dcc4699e,Emily Clark,moralescynthia@example.org,+222-7435155709,Mauritania
eb8ac0bd-ca7b-42a4-a7c5-30837aab5f85,Jose Howard Dvm,frazierjonathan@example.org,unknown,El Salvador
ec128a06-b46b-42d3-929a-4e7043aa09fd,Vincent Davis,tcampos@example.net,+370-7913974892,Lithuania
ec77cf0d-5406-4a54-badb-aab6ba7c0ced,Grant Patterson,kevinschroeder@example.net,+505-0013236232650,Nicaragua
ec8c4b1f-37e1-4c34-9d5c-8f7da268cbb5,Anita Jackson,hollandfrank@example.net,+94-8972677977,Sri Lanka
ec910504-7738-463c-b269-1b1617b09ad1,Carolyn James,beverett@example.org,+34-7215119113,Spain
ece0218b-b096-4efb-a2cc-8738188b3dcd,Stacy Shepherd,erin07@example.com,+357-7009052474,Cyprus
ee6d5f11-06a9-404c-a09d-0f50ee607614,Carlos Contreras,rfields@example.com,+1-8815912337,United States Of America
ef24853c-6ee0-4dd1-9c7c-edd767420a6c,Alan Burns,unknown,unknown,Central African Republic
ef40cc10-51e5-4470-a36d-8072f9cfa870,Kimberly Eaton,timothyclements@example.net,unknown,Pitcairn Islands
f00eadce-4988-43df-a514-93ddc3b999e6,Krystal Pope,david33@example.com,+229-6406975749,Benin
f0726893-40da-463d-aefb-707b73f796e6,Russell Morales,tylerharrell@example.com,+82-0015643759914,Korea
f134728d-1290-4814-bdfb-cfcd9a9664ec,Meghan Thompson,michellemendez@example.net,+973-5314097233,Bahrain
f1a1ed7b-46f3-4810-a974-bb7721b6ecc0,Ruth Gonzalez,johnsonanne@example.org,unknown,Georgia
f1cf6898-0bf9-49fb-b0a8-e80c8ac17f6b,Tammy Morris,stacy23@example.net,+996-9204059554,Kyrgyz Republic
f20755f6-8481-4904-afe6-504451ceded5,John Boyer,jennifer15@example.org,+687-7496445721,New Caledonia
f29bdd0d-458f-4ab2-99e7-4b5ac1044984,Marcus Hernandez,unknown,unknown,Sao Tome And Principe
f341d728-68ce-43e2-a8c4-d258891a5260,Arthur Scott,robinunderwood@example.com,+973-9352702812,Bahrain
f3e565ac-7ad0-4e6a-8bde-e12ba82bea2c,Jessica Ortiz,ballardamanda@example.org,+375-4098987486,Belarus
f546da7e-12b3-4d44-8d3f-7628869787ca,Darlene Martin,krussell@example.net,+354-2689568449,Iceland
f5b98c90-b50f-493b-a3db-ce059841f052,Christopher Rice,rachelalvarez@example.com,+1-767-8166156339,Dominica
f5f5a103-dd6d-47de-8b7e-685d9773533f,Juan Bradley,bhunter@example.net,unknown,South Georgia And The South Sandwich Islands
f62f07d1-cecb-48e3-88a3-778ae7788e82,Hector Miller,brightfrank@example.org,+256-2759201215,Uganda
f7c4d1cd-18dc-475c-9a5c-1131df8c23dd,Caroline Griffith,mario58@example.net,+82-2398285744,Korea
f7fe552a-2fc2-47bc-a52b-ada05f61395b,Charlotte Riley,kellyamy@example.net,+242-5582640921,Congo
f80f4c90-42bd-43ad-8111-631c5ecac97f,Joseph Castro,markgolden@example.net,+687-5398886708,New Caledonia
f8dea015-f385-4842-88fc-1bb6d1b11529,James Dixon,laurenthomas@example.com,+47-4284655887,Svalbard & Jan Mayen Islands
f9591e3a-9268-4a26-9541-e7fbeb3bb44c,Sarah Lane,allenanita@example.net,+229-9707531290,Benin
f963092b-fa72-4017-bfa5-a7daec18bc46,Monica Patel,angela47@example.org,+507-3865873243,Panama
f97962f9-4fae-4b03-808b-a3ddaefc0e07,Angela Moss,christopher24@example.net,+382-2178955149,Montenegro
fa0eb7a7-d4b3-4718-b81c-194fdc8bdeba,Victor Cowan,torresjustin@example.com,+61-0013837950054,Australia
fa88d8d2-8229-4bfc-b1c0-2396ef852a79,Charles Hopkins,unknown,unknown,Mauritius
fae82002-e124-4b43-80fe-b6b442fabf2f,Alejandro Burke,pearsonstacey@example.org,+264-0015268211590,Namibia
fb77bcae-7853-4a69-92e6-37ddfbeaa683,Christopher Mitchell,john26@example.com,+230-6763693874,Mauritius
fba30250-faee-4272-b049-e65dc55f9368,Mary Boone,unknown,+44-1481-9915631696,Guernsey
fcea4c3d-d19d-4181-ab9b-5e5b1f26cf96,Eric Kelly,adkinsjeff@example.net,+501-7922159342,Belize
fd2111bb-5635-40f4-90a5-68c4e90c9304,Robin Montoya Dds,arnoldandrew@example.net,+886-2007825923,Taiwan
fd5f66d9-f311-47a9-be9a-389e6e63a533,Jason Weaver,nicolechang@example.net,+670-3536629794,Timor-leste
fd6f48cd-204a-43b2-8632-ca7f47f72481,Jose Gallagher,floresjohn@example.org,+973-3635104529,Bahrain
fdb19bbf-7ee4-4833-bba6-e9b22a898e39,Amy Lane,lyonsjanet@example.com,+44-1534-6664334300,Jersey
fe887e53-e78f-4207-8e5e-73e38baf3e0d,Barbara Rodriguez,xfrye@example.org,+45-0012357317235,Denmark
febd4cc4-d9ee-49d7-a4f2-1dcdbe1c49a5,Richard Salazar,jefferywheeler@example.com,+880-9853421290,Bangladesh
ff05ceba-f459-4714-a252-e03198d9934c,Lindsey Bradford,kathryn50@example.net,unknown,Marshall Islands
ff19ffee-f0ca-4137-80c5-a588757eaf2c,Thomas Olson,renee39@example.net,unknown,Heard Island And Mcdonald Islands
ff3a6c5b-77ac-485c-908a-0118aeab482d,Amy Garza,amandaalvarez@example.com,+689-2996799761,French Polynesia
ffabe3fc-2780-4068-a25a-2d8174152b10,Julian White,seansalinas@example.org,+290-9057509811,Saint Helena
ffcafa36-1e0d-457e-92a5-3dda71742abd,Emily Lane,hhill@example.net,+880-0016428772181,Bangladesh
fff17bbe-4164-4e8c-b956-629b8a5dd171,Taylor Landry,thomasbrown@example.org,+1-4772211027,Canada
