Customer_ID,Name,Email,Phone,Country
a85e6a90-78d5-490c-a53f-c58b2e57c59b,Shannon Deleon,,5878628895,Japan
babec972-ffb3-4c56-99c3-e8e3855adf0f,Christina Sanchez,craigprice@example.org,4832368495,Haiti
d74c33bd-69d9-4718-9e00-d1895a41ddac,Thomas Brown,vjohnson@example.org,(276)903-7065,Pakistan
ff05ceba-f459-4714-a252-e03198d9934c,Lindsey Bradford,kathryn50@example.net,,Marshall Islands
f20755f6-8481-4904-afe6-504451ceded5,John Boyer,jennifer15@example.org,(749)644-5721,New Caledonia
2140af6b-0b34-434e-a567-c8c2fa36dacc,Paula Sims,angelalong@example.org,695-406-8297x62008,Vietnam
e390fd9b-f416-4179-82d5-54f275ed749e,Erin Porter,sharonwood@example.com,001-463-276-0820x6208,Trinidad and Tobago
7cd74fea-3cb7-4f42-aaff-55eeb852e48e,Courtney Roberts,wmartinez@example.org,,Togo
d63527d7-7e3a-477a-9647-7ea1d9bdb87f,Ann Smith,solischarles@example.com,+1-395-232-1750x475,Hong Kong
9ca4c4ed-49bd-445d-9dad-9a32cbbb2145,John Henderson,dillonlisa@example.com,001-789-987-0072,Mali
8a8e0e43-2a68-4545-9e19-08f44a319476,Scott Guzman,dguerrero@example.net,(759)791-1455,Fiji
96012fd8-091c-4290-a3c3-b8fb9b8772e0,Ruth Alvarez,,917.965.7512,Papua New Guinea
fa0eb7a7-d4b3-4718-b81c-194fdc8bdeba,Victor Cowan,torresjustin@example.com,001-383-795-0054x1972,Australia
8056d143-f0d2-4bc5-997f-bb4e063836e6,Maria Cox,sarah39@example.net,597-899-7173,Finland
843365a0-30d5-4796-b601-861cae3cbc75,Olivia Tyler,arnoldnatalie@example.com,7139501631,Faroe Islands
61a98216-3f7a-4a96-b561-172f46606985,Emily Reed,stephenrich@example.com,+1-975-266-7142,Afghanistan
e738d2c5-cd3e-48fc-b2d4-5c181e398120,Amber Bradshaw,judith30@example.org,(359)384-4954x8578,Equatorial Guinea
4d49980c-3673-45b6-8dec-800abe913197,Kyle Dean MD,thompsonjennifer@example.com,+1-212-814-2921x436,Saint Pierre and Miquelon
5613fae4-8955-454c-81d7-c4d0ce4a4cbc,Brittany Cochran,wilkersonwesley@example.net,+1-910-946-6222,Uzbekistan
470a6b1d-1ead-4843-b58d-4ca3f441db4f,Sabrina Harper,randy12@example.org,001-499-637-5163x0355,Botswana
4166b61a-cb6d-4190-ac0b-df812c0308ff,Travis Reynolds,joshuawilliams@example.com,,Guatemala
1d664e5b-d86e-4a54-9d4f-11efa34f9686,Joel Vasquez,raymondstevens@example.org,906.703.2967x38051,Cameroon
e9197652-e110-4cdf-9227-23c66f0a2f33,Kathryn Fuentes,wmullins@example.net,(894)786-0577,Paraguay
93d47a90-0e32-498a-96f4-b33c1ee5d23f,Timothy Hill,thompsonrebecca@example.org,+1-813-309-8396x668,United Kingdom
545f72f2-43eb-4216-aa29-be7032a174d4,Alexis Johnson MD,amanda52@example.com,+1-825-921-3623x254,Uganda
8882d25f-56f0-46d3-b778-8b3e4d16f519,Dana Smith,valerie41@example.com,(761)536-5515x223,Guinea-Bissau
48fd251c-109a-4a51-a9e0-96b983f609e6,Bryan Alexander,manningjoshua@example.net,(939)515-1344x424,Myanmar
acd954dd-52a7-4c51-8bc6-d587e562ec0e,Ethan Ballard,jeffreydavis@example.net,(853)493-9179x4079,Dominica
75702ccf-2ad2-484f-b9be-1c48bddc08c5,Darryl Rojas,,+1-901-510-5986x2538,Czech Republic
febd4cc4-d9ee-49d7-a4f2-1dcdbe1c49a5,Richard Salazar,jefferywheeler@example.com,985.342.1290x216,Bangladesh
d4bb43e8-8f72-4ff6-ab26-b6fac8f26584,Kirsten Osborn,jeremylozano@example.com,517-887-9632,El Salvador
e8149776-a6c9-4412-9436-492cbbe69d53,Glenn Michael,rcarr@example.net,210.386.6120x40183,Greenland
38f05547-f7b0-4f41-a3d9-c57ecbf7d453,Loretta Thomas,rjohnson@example.net,902.758.9703,Saint Barthelemy
388d7ff2-2ef6-4f32-8801-db2dc2471212,Larry Blankenship,mullinsgeoffrey@example.net,(298)225-4265x031,Sao Tome and Principe
f9591e3a-9268-4a26-9541-e7fbeb3bb44c,Sarah Lane,allenanita@example.net,+1-970-753-1290x222,Benin
51b50514-f430-45cf-a2aa-3d5423f42cc2,William Garcia,shane83@example.org,3072250525,Guadeloupe
8b32a852-99ed-4dec-89a4-1f44ffcf50b1,Kevin Gallagher,katherineschaefer@example.com,+1-258-421-2413x1491,Azerbaijan
236c5923-6279-4dfd-9305-87215258e57f,Desiree Gray,williamsimon@example.com,505.709.9158,Bolivia
58f2b617-5029-4905-a59e-93577f9aeb7e,Evelyn Smith,laurabanks@example.net,+1-249-909-6493x6503,Zimbabwe
934c9119-2846-4489-a615-841c7f3d1082,Heather Wiley,elizabethryan@example.org,(459)212-8141,Liechtenstein
3a7ca2df-0ed0-44a7-aba5-ac081a39d08f,Jonathan Stephens,carltorres@example.org,(820)925-7970x2223,Macao
8aa69e92-8927-4ee4-bb75-60e6297adeaa,Hunter Carroll,nathanvazquez@example.com,001-725-837-3310x02391,Serbia
2c3bd8c4-4a3e-4b37-8a48-2f5a1229ba43,Jay Alvarez,floreskathleen@example.com,854-910-6341,Myanmar
8342feed-01c0-4011-afc4-b83002164d98,Michael Jackson,kenneth63@example.net,(937)754-0556x074,Colombia
31505fa1-f057-42ad-81bb-3ec3b0c26346,Mary Costa,,(331)382-2471,Mozambique
4d088ec8-25d7-417f-a6d0-86a1ae907147,Michelle Moore,iwashington@example.com,,Latvia
eb719f2b-721c-4e0e-b322-2074dcc4699e,Emily Clark,moralescynthia@example.org,743.515.5709,Mauritania
54ba475c-eed6-4d9b-ba8a-1652f11acbc2,Brian Chavez,oconnorricky@example.org,,Northern Mariana Islands
a3fc7d8e-7381-4104-9511-95d4149539ce,Christian Moore,,647-573-9285,Maldives
230d356d-0e2e-42f7-a1aa-b80fe11f3b8d,Ronald Hickman,,784.704.5116x4958,Tonga
afdc2a3c-a1f6-49c2-91a8-734374338851,Joseph Smith,michelle94@example.org,,Ireland
a18aa4ff-e7be-4e30-9205-6d82327a649a,Scott Robinson,hdelgado@example.com,001-791-860-9753x708,Ethiopia
47fae057-1414-4281-84b1-c36c87aee80b,Michelle Marshall,moraleskenneth@example.org,+1-731-971-1922x2815,Mexico
d7b1f2e9-0f8a-4937-ada5-16c03a9229fc,Kimberly Sanchez,callahanphillip@example.net,(926)833-9607x28258,Sierra Leone
08bda8a7-29c0-4ecc-ab29-50e32eaf7ba2,Michael Murphy,pagemaria@example.org,982-680-9459x04902,Timor-Leste
b0d4f1e8-7f0f-4d61-8169-81ee81f204e6,Chad Leonard,connerjillian@example.net,883-460-9425x433,New Caledonia
fe887e53-e78f-4207-8e5e-73e38baf3e0d,Barbara Rodriguez,xfrye@example.org,001-235-731-7235x4657,Denmark
f7fe552a-2fc2-47bc-a52b-ada05f61395b,Charlotte Riley,kellyamy@example.net,+1-558-264-0921x0742,Congo
93dc833d-ab7f-472b-bde7-be725e1cb16f,Brian Ford,christinedelgado@example.com,,Monaco
ef24853c-6ee0-4dd1-9c7c-edd767420a6c,Alan Burns,,,Central African Republic
2f0c8d2f-6095-4eb8-8543-382b2ed419f6,Alexis Garcia,fisherdarren@example.org,001-993-242-6537x099,Barbados
708d05ed-2031-4b3b-b7ba-653b6fef47ba,Matthew Fernandez MD,probinson@example.net,(448)465-2974,Qatar
33014cf1-d6eb-4b24-8df8-c18d83e1a547,Tiffany Whitehead,daniel04@example.com,,United States Virgin Islands
c3d06e21-d959-43cd-a92f-4600886542ba,Bianca Murphy,kenneth05@example.org,713.813.7453x1734,Puerto Rico
46429917-5a0f-4042-b39b-3dda0e9e9151,Jody Holloway,butlerbrett@example.net,539.306.2934,Cape Verde
c1ef6db1-e10f-4ffa-b055-7a65d2f15401,Michael Rasmussen,valdezapril@example.com,001-915-208-8395x4834,Kenya
ece0218b-b096-4efb-a2cc-8738188b3dcd,Stacy Shepherd,erin07@example.com,(700)905-2474x169,Cyprus
76ca8016-f484-41cb-beea-882405bdddbc,Jay Schneider,dfrank@example.org,(866)452-9699x7387,Kuwait
55f70932-3469-4536-a034-a92fb656766f,John Young,simpsonjoyce@example.net,(937)967-9400x4743,Ireland
0bab460b-e8fc-4d21-83b0-d124c55c8f41,Patrick Cunningham,amy05@example.net,834-666-8837x951,Libyan Arab Jamahiriya
59f4b9c4-5ffb-4005-9a4e-5eefe8a6ee93,Kathy Dunn,dan71@example.com,378-928-5733x2892,Cambodia
21481327-547c-4927-8a2b-501ccc395aff,Casey Herrera,george13@example.org,269.229.9694,Iraq
07ca86c3-8485-47a5-9d90-d8ccf2f12fe0,David Long,walshmary@example.net,,Nauru
c756b950-6500-4c4a-90c9-61aea582d3ab,Monica King,nielsenjacob@example.org,,Estonia
4dd64bed-2baf-4b81-91b8-e781374787f5,Joy Hicks,melissasmith@example.net,(912)614-7615x6313,Sao Tome and Principe
6657a2b2-3041-43b0-ad51-0118b0345ca1,Dr. Jacob Molina DDS,walterscarlos@example.com,+1-864-890-7410x912,Mayotte
3c474fce-7479-4759-83a6-3678ce96f4ea,Andrew Norman,,(556)959-4414x19080,Samoa
877b1593-0779-4490-aff6-e860b828f4d9,Robert Thomas,,2026652935,Jersey
f7c4d1cd-18dc-475c-9a5c-1131df8c23dd,Caroline Griffith,mario58@example.net,239-828-5744x77530,Korea
b90fe481-23fd-43db-b717-7efed70e20d1,Christina Warren,melindaholt@example.org,(405)697-9702x8954,Latvia
2fbd8187-90f1-409e-89ff-3ff4cae288e6,Mark Miller,douglas00@example.org,253.918.6998x492,Mexico
c11b56a9-62cc-4b81-89a5-88781dc00f00,Mr. Michael Grant,ethan05@example.org,7336481991,Japan
0b58c0d1-eb41-4b32-9487-6713b6d2cff0,Erica Glenn,mariawhite@example.com,220.822.9096,Austria
959c3d18-9747-4de6-acc9-1a505deb7ea5,David Morgan,seanarroyo@example.com,392-424-5775,Korea
bc7a1591-33bf-464d-ae17-fdc622dd31d4,Tyler Gonzalez,joshua65@example.org,9036534854,Cambodia
ba395db1-0232-4cb7-a751-f1dc9e20b251,Chad Tyler,amandaflores@example.org,(270)640-9587x7088,Palestinian Territory
38665d78-cba8-47c1-8e42-c2d3299f6759,Jasmine Robinson,lewistamara@example.org,999-225-6492x975,Saint Lucia
8ea03ec4-de7c-4231-92b4-3aea610cdfaf,Jordan Dawson,baldwinjoseph@example.com,650.845.2426,Chad
ea0fc986-f19d-4eb6-9a00-7e1c1bc6025e,Deborah Melendez,hdudley@example.net,485-642-3345x405,Greece
5de27449-43b5-4758-99bd-eacfe861c84b,Peter Clay,,583.422.7384x201,Cape Verde
dc4fde3e-5b94-4da9-8335-1b7b6bd9a166,Latasha Romero,lopezcarl@example.com,+1-711-663-9816,Sierra Leone
10eb0f3f-a266-4e1e-8b39-108a292e21e9,Carlos Owen,jestrada@example.org,(450)504-5235x291,Zimbabwe
b635dea8-76be-45c8-a900-1ac6f0a142c2,Nathan Hernandez,daniel88@example.net,(617)200-8073x73496,Tokelau
12043911-de36-4c9e-ba83-41b9c5127998,Virginia Bryan,alisoncline@example.net,001-825-349-9719,Argentina
c030bb33-2044-4d2b-9c5b-33ef5e03b98b,Jennifer Lewis,smithsusan@example.net,001-285-751-9483x21864,Tokelau
5c611a44-3106-4923-b046-ca494210731e,Laura Dillon,robertray@example.org,613-397-6990x68912,Austria
d7522cab-f713-4c74-9d32-fadba3a20a85,Sarah Duran,francisleblanc@example.org,001-863-315-0524x4516,Lao People's Democratic Republic
d45d89c0-b213-4ac0-88fe-9b34f9303791,Susan Allen PhD,robert12@example.net,486-605-9695x42456,Moldova
6db91da3-dff0-4c73-8dd5-aa1a5ce857bc,Kyle Anderson,rickygarza@example.org,(721)886-3657,Sao Tome and Principe
5f3977f9-82ae-42d7-97b5-114e8274b349,James Payne,igarcia@example.org,+1-974-637-1714,France
2ede74c5-b9f0-4325-a874-f179e13d0c33,Charles Phillips,mhenry@example.com,(791)381-0817x9541,Gibraltar
87728329-1121-4e4c-b2d7-35cca67a2275,Laura Brown,jeffery17@example.com,4205499634,Western Sahara
489f42c9-55f0-44d8-bb59-55c524accdc8,Jeff King,chaneyricky@example.com,297.689.6759x21333,Tuvalu
0dacffcc-bfd3-4cd6-b313-5377c508b0c3,Randall Simpson,billy23@example.net,(900)492-0787x220,Tonga
5355cd8b-9982-42e3-91f3-e013e44ae2a2,David Wise,trevinobrandon@example.com,(694)438-0692,Ireland
9c1baa94-9eda-4531-b807-e6e05bedee88,Anthony Leonard,smithapril@example.com,624-913-2478,Kuwait
2673e21b-07b1-4804-ad33-2ccfa93a54ad,Catherine Taylor,hansenrenee@example.net,5779053571,Sierra Leone
dcfde7f7-afda-460a-824f-3d0a873d057b,April Phillips,,001-418-435-9902x576,Liechtenstein
b6878cea-1767-4d07-bba5-a1a762f27aee,Brian Martinez,brianna83@example.net,789.561.6798,Cote d'Ivoire
5092f3c7-8ac9-444f-b361-4271ddf318c7,Brian Strong,benjaminfrancis@example.org,001-941-625-2480x5581,Somalia
fa88d8d2-8229-4bfc-b1c0-2396ef852a79,Charles Hopkins,,,Mauritius
6693ba68-e359-4332-9500-1c6bf20b81c8,Ronald Henderson,nicholas72@example.com,001-518-361-2379,Taiwan
37881568-6780-47d3-b586-5971c997fc1b,Tiffany Clay,nrichardson@example.net,466.813.7466x451,Mongolia
9ee25ed5-e5ae-483e-8e89-08ae39f3088f,Sherry Freeman,cummingsmitchell@example.org,001-940-477-2473x88469,Solomon Islands
f1cf6898-0bf9-49fb-b0a8-e80c8ac17f6b,Tammy Morris,stacy23@example.net,920-405-9554,Kyrgyz Republic
4aba2e91-ab58-419d-9377-f8ea292d60c0,Tammy Jenkins,davidjackson@example.net,376-977-7398,China
fff17bbe-4164-4e8c-b956-629b8a5dd171,Taylor Landry,thomasbrown@example.org,+1-477-221-1027,Canada
51330407-f78c-4722-860a-d90dc1b595af,Derrick Todd,hernandezcharles@example.net,+1-835-616-9212,Heard Island and McDonald Islands
cf708bf2-a6f5-4119-b7b9-060573ca79c4,Caitlin King,sarah58@example.com,634-878-3612x6898,Cuba
8f42d0ab-d446-4084-a40e-70c1fae0468e,Patrick Berry,savageedward@example.org,(909)388-0200,San Marino
f80f4c90-42bd-43ad-8111-631c5ecac97f,Joseph Castro,markgolden@example.net,+1-539-888-6708x209,New Caledonia
9fd178dc-cc0a-443d-a3e5-40880df4ac6b,Debra Ponce,jpeters@example.net,608-570-3121x30400,Spain
cf83e969-17fb-4956-94bb-fdf26d66da03,Christopher Scott,pattonjesus@example.com,(861)798-9950x83637,Spain
d46dba64-9572-42fb-a302-7b2ca9d4d303,John Garcia,ihuerta@example.com,386-427-8566x361,Guyana
3e1907bd-306b-4612-b03f-9964c54d5f00,William Thompson,ambersweeney@example.net,001-421-971-6356x5489,El Salvador
899ee796-1fae-43de-8d68-b6ed08091a0f,Tamara Tran,vvega@example.com,(285)225-6537x77046,Equatorial Guinea
352ac394-fb15-4e8e-84f1-2ca130a159d5,Misty Johnson,kimberlymckee@example.org,001-557-491-4381x544,Malaysia
c1e7a24a-0cc4-4a3e-8cf1-1e3487076ef4,John Carter,ryanking@example.org,221.843.4518x122,Burkina Faso
e26383e6-4eeb-430c-9a11-386e157233f2,Mary Pacheco,kylerobinson@example.org,848-427-2009x600,Liberia
98c39fbb-93bb-4c88-b540-042c1cd9433e,John Hall,alicia01@example.com,519-634-6091x695,Jamaica
45a5bd86-2bb5-48d5-8af8-6e10c7e07bb7,Paul Gonzalez,stewartstephanie@example.com,+1-773-421-2120x092,Bulgaria
f29bdd0d-458f-4ab2-99e7-4b5ac1044984,Marcus Hernandez,,,Sao Tome and Principe
ff19ffee-f0ca-4137-80c5-a588757eaf2c,Thomas Olson,renee39@example.net,,Heard Island and McDonald Islands
e5ad8793-f122-4924-bf84-74ee9a830f6f,Amber Melendez,maureensmith@example.net,818-891-2503,Israel
2b2673a4-7eed-4776-9b21-12cc5fb6ed51,Roy Young,,3167415396,Ukraine
b57e5b8a-f34a-4bc7-93a5-3a528719706c,Kathryn Bean,kkeller@example.org,9653732583,Australia
bf6a39cd-3f6f-4db8-979b-309e062a0bd6,Travis Hines,zacharybyrd@example.com,355-711-2380x254,Mauritius
7421ad8a-eead-44c6-870a-3e9371833c03,Tara Cohen,,673-815-6651x1243,Timor-Leste
db150905-e2d4-47d2-840d-65c971d634a2,William Ray,xmcgee@example.net,891-615-5800,Rwanda
1872c8f7-6724-46e0-949b-d5f4140d39ed,Anna Burton,kathleenwhite@example.com,630-374-9802x5363,Nauru
beeee184-9c65-4d6f-b4ab-e41857540b1a,Benjamin Williamson,ugarcia@example.org,001-807-764-7249,Congo
dcf23921-ec46-463f-8649-2044a7d3163c,Heather Johnson,bcollins@example.com,659.488.5154,Tunisia
18967c36-ac8e-4ca1-b063-1d9e9e19d85c,Austin Cook,michael77@example.org,(896)432-5776x664,Hong Kong
ec8c4b1f-37e1-4c34-9d5c-8f7da268cbb5,Anita Jackson,hollandfrank@example.net,(897)267-7977,Sri Lanka
dfc9bfce-6504-4d84-9781-21818c665b9a,Rebecca Martin,taragraves@example.net,(808)205-6692x98471,Malta
4a9590d8-9663-4dbe-94c2-2a949a4471f7,Amber Parks,ryan23@example.org,557.357.3942,British Indian Ocean Territory (Chagos Archipelago)
6aa61ef6-8955-42a5-b028-def8cf8cb8ef,Tammy Brock,ortizsamantha@example.com,(782)220-1744,Western Sahara
70f9f2b5-136e-4699-9dba-f21aba27db62,Joseph Allen,clifford88@example.com,+1-984-420-5795,Turks and Caicos Islands
0afa5f18-dd87-4a64-9875-dfd76f255078,Angela Smith,rmorrow@example.org,001-297-952-0906x42010,Guatemala
69ac4875-45f6-48dd-8633-01f8bd09bc88,Anthony Harrington,davisbrandy@example.com,+1-289-779-2948x5960,Nigeria
9811739a-a9a7-437e-b44a-85a97b532ff8,Keith Martinez,znorton@example.com,(575)249-4736,Armenia
cc9a2115-b197-4a2b-9a6a-0fb2da5a0c73,Lori Rose,benderashley@example.org,001-286-833-6645x273,Brazil
e525e7f9-41ee-48bc-b8f4-81a75acbc3aa,Heather White,ele@example.net,001-640-983-0499x594,United Arab Emirates
f5f5a103-dd6d-47de-8b7e-685d9773533f,Juan Bradley,bhunter@example.net,,South Georgia and the South Sandwich Islands
1b02ee41-79f8-4e99-9f4d-eff19bc09c06,Courtney Schneider,sheena24@example.org,273.531.6941,Ecuador
5e1d9cb2-a09b-4e31-8bdb-efda92f3380c,Regina Thompson,craigcraig@example.net,,Iraq
21231327-01b6-4020-bddb-d4717e676541,Diana Flores,umorales@example.org,752-769-1508x1153,Chile
1f22e566-13a0-4758-b42c-b0f6e997d46c,Christopher Castaneda,annaarnold@example.com,,Aruba
66b615cf-36c3-428a-8c2e-b006c0f9ea7c,Jennifer Kim,tammyyork@example.org,733-548-9608x054,Saint Helena
d1ab5bf3-78e6-47b4-8db4-7064beb9482d,Amy Grant,pmann@example.org,001-373-712-8210,Macao
b4c2fa89-abf1-4c25-8f69-d087c866328c,Daniel Gibson,frogers@example.org,320-741-9378,Norway
496d85f5-d948-4b71-a41e-e930d6586c7f,Joshua Hebert,jeffrey85@example.org,,Pitcairn Islands
72273f1a-f65c-4c13-89c9-806c1df61451,Donna Clarke,freed@example.net,615.393.5466x0064,Senegal
6f6bdbd5-fad6-424c-abc0-7911b83124ff,William Taylor,jaimeayala@example.net,001-897-876-4181,Guadeloupe
4cad5279-5ebb-47ac-9d2b-796f4f62771a,Charles Sanchez,,577-743-6772,Suriname
ec910504-7738-463c-b269-1b1617b09ad1,Carolyn James,beverett@example.org,(721)511-9113x0438,Spain
5763fb1e-1da0-47ac-bcdd-ebf926dbf43b,Tiffany Espinoza,,234.626.3603x79644,Estonia
7cdaae1c-7eee-4b39-a90f-8ee3cdb1ecb3,Patrick Clayton,martinezamy@example.net,,Barbados
e94efd62-e957-421d-82ab-41b795cfdada,Lisa Nelson,gregorygregory@example.com,,Algeria
5f7ad4c7-6574-41c9-9f10-01b6641d6413,Kelsey Martinez,johnnymunoz@example.com,939-837-9360,Trinidad and Tobago
075005e4-bb34-4965-bb28-fd100b10c45c,David Mcmahon,dale06@example.com,6505093434,Jamaica
e16a64a3-cd86-41ff-b494-7922f780f3ed,Jeffery Wagner,tranmichaela@example.org,+1-875-532-8141x361,Maldives
df03db23-40db-4205-81b3-2fd2a0a0cfa7,Christine Caldwell,jaykennedy@example.com,953.618.8838x255,Guernsey
7ebb6f3e-a743-4262-b0c3-390c4c6023ec,Philip Silva,,+1-535-469-3264,Tuvalu
1d2998ec-9983-479a-bce2-28bd5b56aa3c,Jennifer Garrett,jeanette88@example.org,615.636.5778x25736,Congo
601e4cee-bf02-4075-aa48-34915d171ad5,Dana King,ebenton@example.com,(914)949-6404,New Zealand
433fb306-e4da-40f1-bb7c-ec519c430ff8,Brenda Martinez,velasquezdestiny@example.org,(407)549-9580x2319,Iran
552651e9-3ff6-4c64-bdc5-863a8c65c5b2,John Snow,harmonstephanie@example.net,+1-750-376-9835,China
ce9cfb03-0d1d-4654-bd97-1a90c4c160fa,Mr. Russell Richardson,georgejones@example.net,794.997.9535,Turkey
afb47af0-4389-4954-972b-964db440169c,Elizabeth Williams,trevortorres@example.net,,Ukraine
fb77bcae-7853-4a69-92e6-37ddfbeaa683,Christopher Mitchell,john26@example.com,676-369-3874,Mauritius
b924f339-3a7f-4082-811e-2141cb6a3825,Nicholas Bowman,mary15@example.org,(876)775-8061,Jersey
a656f3c3-fd35-488f-a171-12522396e418,Brianna Pacheco,baldwinteresa@example.com,001-573-242-3509x8805,Congo
6e46a1e4-4537-4371-9ae7-548c56943336,Douglas Costa,jessicamcgrath@example.org,001-376-856-5465x6143,Brazil
98508bcb-cc65-43c1-8126-dd6aa3831d5c,Laura Anderson,scotttimothy@example.org,937-322-0859,Liberia
08558fbe-cb5c-4229-af5f-2b5236b4756c,Kyle Garcia,patrickmorgan@example.com,001-991-795-5719,Kyrgyz Republic
46995174-1c3b-40c5-b9b4-312bbfd49289,Sandra Guzman,scottangela@example.org,,Barbados
4ce1f2a2-d61f-43bf-81b8-7225cc56c14f,Jessica Frank,michelle98@example.net,001-565-866-3028x88384,Mozambique
d901b9b6-1826-4e6a-8c12-8ad5435784a3,Jason Johnson,msmith@example.org,505-387-7042,Equatorial Guinea
66a912c2-1e8a-4226-b0e5-986ac0bafeab,Kelly Alexander,ywoods@example.org,764-462-3139,Guernsey
cde0c2fb-5bd7-43f6-a9ac-7f27d89005c7,Cameron Santos,pattersonamber@example.net,(558)530-4616,Guinea-Bissau
2d4729db-514e-4673-81ea-682e6bad8434,Mary Butler,,2839826451,Mozambique
8e5cd20b-e463-42f4-83cd-c50d0c72169c,Gabriel Pitts,halldavid@example.com,(691)836-6785,Argentina
d35f144f-88dc-4908-8c59-2ad05075d919,Mackenzie Barber,daniel70@example.net,001-464-519-2953x58234,French Southern Territories
44d6a920-5aeb-4543-a174-690164e3ed0b,Michelle Tran,fisherryan@example.org,(543)976-2407x264,Heard Island and McDonald Islands
d625e728-93bf-4b14-8bd6-0fa9260e01f8,Victoria Hahn,robert64@example.org,+1-973-964-6039x42343,Nepal
0caddccb-f42d-4365-8a6c-84779332e707,Taylor Kelly,amcconnell@example.org,265.343.2028x08340,Iceland
7aa69157-98e8-47bc-8f87-60424d9c3613,Adam Cooper,paul56@example.org,001-716-512-2132x8133,French Polynesia
0f843fb2-0824-457d-a319-bfde36e50398,Dennis Parker,heatherlynn@example.com,,Saint Kitts and Nevis
8c96c1f3-301d-4652-8808-ed7fd44c96d8,Amy Mercado,lawrence46@example.org,+1-534-850-9855x54253,Cocos (Keeling) Islands
363334ad-e69d-44f5-9907-b817bf4bed8f,James Mcdonald,,9245795879,Costa Rica
aef56cc0-b77a-4ef4-a4c7-82f6a7760fb3,Catherine Johnson,yperry@example.com,001-933-506-0742x6774,Reunion
e7b2165a-a574-4b2a-8d1b-4a1b686f163b,Thomas Patterson MD,smithnicholas@example.org,964.337.1689,Italy
0e206840-2f54-49e4-a0c1-7966e11ed3fc,James Rivera,welchcynthia@example.net,(995)775-9693,Comoros
c9b2ee90-9c2c-4140-9059-0470d7e76266,Emma Nicholson,john61@example.com,+1-571-711-5975x20381,Saint Barthelemy
703758f1-a8fe-491b-aba0-4c375aaf40ee,Christopher Baker,raymond85@example.com,(544)852-7752x68823,Liberia
2dc3fe00-cfd8-423c-bf2a-8421f90fcc76,Brittany Smith,,+1-507-276-3551,Suriname
4292fc26-d0a6-4ad8-8a77-04722b5a0970,Gary Prince,april15@example.com,(403)848-7508,Barbados
dfce9c24-71c4-4cd8-9b59-f34e48842979,Jeremy Jones,millerjeremy@example.net,001-498-840-0507x201,Botswana
3aabadef-3088-462a-85eb-df11f13f2e61,Jennifer Anderson,davidparker@example.com,001-368-305-5656x701,Liechtenstein
fba30250-faee-4272-b049-e65dc55f9368,Mary Boone,,991-563-1696x4611,Guernsey
2d939a24-9c21-491d-890e-9b480713eb0e,Robert Hamilton,,,Australia
374abbc5-d5ad-47df-8212-30409e84c5c4,Melissa Woodward,uhernandez@example.org,362.778.4696x1532,Spain
ad9465fa-eb61-4faa-84ff-e5194bd62ea2,Katherine Williams,erin39@example.net,+1-392-493-5620,Iraq
4906f8ff-632d-4e40-9819-b8f05a57ffe7,Ashley Harris,brooke53@example.org,,Macao
b557df31-34c0-45a0-9394-6bfa2b26a1fb,Albert Ward,rarcher@example.net,,Holy See (Vatican City State)
0a1fae74-7af1-4032-8d72-0b0a14f9bd1b,Robert Torres,brianna09@example.org,+1-620-500-1059x43493,Ecuador
a9870b94-ad60-4ff4-99a9-817ecf8e4a1a,Jerome Garcia,,266-385-8993,Benin
c9586ca2-0282-4f57-9f11-c8894f6d7361,Christopher Williams,frazierdeborah@example.com,516-478-3167x994,Puerto Rico
e389eea3-1879-4df8-9311-fb2b068c4082,Richard Hernandez,isimon@example.net,7517334401,Tuvalu
cbbcf29e-4b50-41b9-acdc-53318fa98227,Paula Velasquez,jacksonpatrick@example.org,(843)589-6963x107,Burkina Faso
b7cc50b3-970a-4ba6-9503-b220c104467c,Jason Davis,cmontes@example.com,348-818-6658x810,Portugal
51983bd3-03a4-42c8-b784-e978d8771d0f,Michelle Brown,robertslaura@example.org,(519)833-7359,Tajikistan
e80d8281-f41f-4701-ac74-5375a3cc7abb,Brent Benitez,hillmargaret@example.com,(514)238-9986,North Macedonia
c574c838-f8f7-4e22-b8fb-5950756262f4,Raymond Beck,pmartinez@example.com,(311)302-3193x466,Malaysia
389ce48e-0282-429e-8218-e2c472a354a8,Meagan Wright,gpennington@example.org,,Anguilla
39e40a29-29eb-4c71-8bb1-7cbf71224ad9,Julie Powell,sarasosa@example.com,424-467-7700x317,Estonia
67b78b5d-cc20-4865-850b-9c2ae56a183b,Jane Owen,cholloway@example.net,001-436-572-6130x88886,Israel
04ad0d8e-9199-4b32-94b6-55fa1868c331,Jeffrey Parker,loganamanda@example.com,752-395-2298,Iraq
f8dea015-f385-4842-88fc-1bb6d1b11529,James Dixon,laurenthomas@example.com,+1-428-465-5887,Svalbard & Jan Mayen Islands
2cf5e96e-6e09-4d97-b5f3-a04cd0244cc8,Kimberly Paul MD,isalas@example.org,451.716.4923,Samoa
81a236f9-f583-4480-80e3-d0b288c991d9,Marie Smith,,742-955-5993x41225,Turkmenistan
d9d4012e-c135-452d-973a-b824f10ffc43,Jeff Porter,bmassey@example.net,802.639.1143x289,Cayman Islands
c2622e7f-1cb5-4dc2-90d2-46fe480dcae1,Madeline White,jose28@example.org,+1-289-286-8753,Montserrat
d0d14c16-f3b2-4f8b-a675-d0f21adb8dbe,Stacey Stewart DVM,,+1-771-887-0901x4818,Cambodia
d3a3c064-3115-4cd4-9d1d-3d2a77efa468,Curtis Wong,brittany39@example.org,+1-964-825-2641x96411,Cook Islands
11c5aa4e-e3c6-46ff-9667-2816ebbbe2b4,Juan Washington,christinerivera@example.org,,Nepal
32ff8abe-2cb4-4c16-af6d-a9359e4de2f0,Andrea Richardson,castanedajudy@example.com,(705)214-5773,Australia
f62f07d1-cecb-48e3-88a3-778ae7788e82,Hector Miller,brightfrank@example.org,+1-275-920-1215x9649,Uganda
cc56da90-b661-437c-aa66-b5ad62fb5622,Amanda Ward,martinezjames@example.net,001-753-960-9368x54277,Tuvalu
ea448055-3fb4-4d50-b080-1e362b2d757f,Nicholas Castillo,,+1-248-744-5507x9939,Netherlands Antilles
9fde07a1-09d5-4c61-bcbd-4ac93e845af9,Rebecca Hanson,jenniferwillis@example.com,535.416.7519x02114,Turks and Caicos Islands
9ba98aff-e099-412c-979f-9b63a3b6f9c6,Shelby Gonzalez,browngregg@example.net,,Lao People's Democratic Republic
d1c31505-73ab-4e70-86b3-a6c358694f1e,Ian Matthews,umckinney@example.net,426.673.7153x18453,Guam
b552b0ab-faf1-452b-a2e6-7b37a31aa881,Tricia Carroll,michelle14@example.net,,Djibouti
8929c616-bc17-4572-8349-0a586dce21ed,Jaime Anderson,jennifer73@example.net,644.680.5464x3161,Tonga
dda34362-f2b6-42ac-966c-ba2d786a33f1,Crystal Elliott,susanbrown@example.com,(847)697-5225,Cambodia
c32bbb29-fbd6-4145-8cf2-3cfa072ca189,Edward Allen,alexandermorton@example.net,(540)571-7039x31233,Svalbard & Jan Mayen Islands
614b4d0b-a21d-44de-8e85-fd62680a63fa,Samantha Cruz,,511.647.7189x346,Saint Martin
48f17009-8f9a-4b05-a050-d881008a790b,David Nguyen,thompsonjames@example.com,,Sri Lanka
a22797d7-1202-4ae3-9266-a3a33bd5406e,Jeffrey Watkins,bkennedy@example.org,001-432-591-2661x46304,Serbia
6bf29934-331d-4f11-b00d-1b1bf5bc3012,Amy Collins,xfox@example.net,001-268-732-1021x3959,Uruguay
ffabe3fc-2780-4068-a25a-2d8174152b10,Julian White,seansalinas@example.org,+1-905-750-9811x17632,Saint Helena
31010ce5-cdc5-46c7-ac51-002a5098bb57,Dustin Thomas,ortegajeffrey@example.net,817.301.2182x0758,Jamaica
de8a7d83-4e9a-4ccf-aabe-07d5c37f232f,Michelle Snyder,joseph29@example.net,,Western Sahara
55d71f6a-a09c-4e86-86ae-c2c13e4fa152,Lauren Price,xthompson@example.com,,Iran
7fc24177-d122-41c8-95d7-a885630ad406,Heather Valdez,sfoster@example.org,939-306-2016x3816,Aruba
2b1b6303-a156-4076-b79c-88087c0e718a,Kevin Collins,benderlisa@example.org,,Barbados
321c2e5e-6127-4a81-b6b5-000d54c145b4,Matthew Burke,wheelerjames@example.com,656-347-1549,Nicaragua
c2195696-d59d-48aa-9e98-2457bb790034,Ashley Montoya,wallscheryl@example.net,001-492-622-5819x93280,Italy
342e9e90-fb41-42ef-9778-34ee2c4c536e,Bernard Mack,mary94@example.net,784-805-4934x6065,Sri Lanka
8a5657a9-021b-4b28-9360-ba7b35393f63,Daniel Berg,michellechambers@example.org,812.297.0114x506,Trinidad and Tobago
db2a4c30-a4d3-4b32-b2c6-4f4c903d2f68,Natalie Reynolds DDS,hallheidi@example.com,598-822-8631x19477,Papua New Guinea
eb8ac0bd-ca7b-42a4-a7c5-30837aab5f85,Jose Howard DVM,frazierjonathan@example.org,,El Salvador
f546da7e-12b3-4d44-8d3f-7628869787ca,Darlene Martin,krussell@example.net,+1-268-956-8449x0763,Iceland
ec128a06-b46b-42d3-929a-4e7043aa09fd,Vincent Davis,tcampos@example.net,791-397-4892x22202,Lithuania
088dcd89-6393-405e-9059-f7504fcebf4e,Jasmine Combs,teresahamilton@example.org,(448)563-3146,Russian Federation
a956e5f8-b764-439a-b921-53cc68af9d0d,Kenneth Parker,samuel13@example.net,(378)323-1710,Wallis and Futuna
f97962f9-4fae-4b03-808b-a3ddaefc0e07,Angela Moss,christopher24@example.net,2178955149,Montenegro
492cb81e-45e2-49fd-9337-c0986cfcfc17,Anna Bryan,ablackwell@example.net,(680)933-6711,Cuba
6f9a6e6a-a04f-49e3-974e-508015eec9f6,Timothy Cervantes,gregory75@example.org,720.686.5743x6466,Belgium
0f4ff1f7-40fc-4223-a2fa-677292d8708b,Kristin Ochoa,gonzalezrebecca@example.org,504.842.2148x02738,Palestinian Territory
eb4c8fec-1fce-4b07-a64a-a628730fe8d4,Chad Madden MD,nelsonscott@example.org,256.626.0421,Cayman Islands
48fd0fea-3e22-424a-b63b-d7cfd99e27dc,David Davis,manningdarin@example.com,(571)808-7041x3968,Honduras
5130890c-8225-4123-afba-4c9e967a4535,Crystal Rodriguez,,900-700-5604x748,Iceland
3a98d8db-a695-4811-8dd7-dc0ad191e455,Tiffany Franklin,,001-224-333-5776x894,Iran
69888109-1d76-459e-90b2-cefaa901cdd6,Jonathan Lewis,,001-871-841-9634x7432,Morocco
86b74a1f-25f6-4fb3-b91d-bdd3c66382b4,Angelica Mclaughlin,slopez@example.com,001-894-225-0193,Bangladesh
c09bb5b8-b44b-4f81-a231-36843fc824d2,Kimberly Watkins,hernandezmelissa@example.org,4745347110,British Indian Ocean Territory (Chagos Archipelago)
115c9e1f-ac33-4666-8f8a-3ba19244c16e,Taylor Buck,jenniferhawkins@example.com,357-494-6134,India
94076d20-2d99-415d-b532-8232d6539b32,Timothy Lopez,kathleen18@example.org,001-602-482-7792x09137,Lebanon
bbd6947a-99f5-4ec5-8f88-c77cd6391a20,Jennifer Green,browntina@example.com,782-862-3528x845,Colombia
bde317de-ef02-449e-9c51-fd3d4874f527,Danielle Moore,doyleaustin@example.net,(288)716-2640,Norfolk Island
5948fec3-3105-42c5-ba35-ae64d252edca,Steven Davis,gonzalezalbert@example.com,,Cayman Islands
7622c988-b135-4108-8c85-f99b453b1f9d,Tracy Carroll,crossjennifer@example.org,001-608-942-3093,United States Virgin Islands
83f85be8-d495-47ab-bea3-adfc7d241082,George Reynolds,matthewrichardson@example.org,+1-940-771-1631x2611,Netherlands
337a3f92-1acc-4418-9fd9-1bc92aefd16e,Christopher Marshall,,001-349-968-2723,Hungary
394241ed-ac14-44eb-8051-873b041f1894,Donald Coleman,williamlarsen@example.org,+1-326-747-7943,Mongolia
f1a1ed7b-46f3-4810-a974-bb7721b6ecc0,Ruth Gonzalez,johnsonanne@example.org,,Georgia
9ef75e2b-2517-4e6d-b752-ae890322233a,Walter Lopez,stephanie56@example.net,976.623.5313,Bosnia and Herzegovina
0788f200-5721-41ec-9ff5-0ffc65fb465b,Paul Huff,steven74@example.net,+1-765-286-1292,Saint Lucia
003ca69a-991c-4c11-899a-51bb7365499d,Erica Diaz,hurleyanna@example.com,+1-854-504-4941x6532,Iraq
856a3393-0d6b-482f-96d9-04e19d17677a,Michelle Moran,josephmurphy@example.net,4283980320,Marshall Islands
6f632742-7f7b-48e7-9c3a-4c5e927f3c2e,Christian Hayes,mcclainalisha@example.com,,United States Virgin Islands
c2f23a03-dacf-4454-84fe-9fc71c0823b5,Mary Brown MD,fosterkathleen@example.com,362-465-1857,Canada
4c102fa1-f886-4eda-85c4-0f6d1e7116d6,Cassandra Phillips,richardtracy@example.com,(379)350-9727x8555,Mayotte
3b480637-ec8c-4eb3-b6d4-d371107eb422,Steven Mason,coryrichardson@example.net,,Congo
ffcafa36-1e0d-457e-92a5-3dda71742abd,Emily Lane,hhill@example.net,001-642-877-2181x206,Bangladesh
d175f8f1-f29f-448f-a9bf-28d9d20e6d47,Stephen Price,ztorres@example.com,+1-379-578-1107,Reunion
7528a62e-53a1-4576-9c68-ff35d103af2d,Patrick Kim,gravesangela@example.net,402-875-6832x59086,North Macedonia
2d11a74e-60f5-481a-975e-ff100dc15b05,Michael Jackson,harrismichael@example.net,,Botswana
8e39546e-5d13-42c5-b956-84d02ba2e1b7,Angela Brown,,,Cuba
8d533d2a-7c02-4345-8a9d-0349182dd268,Daniel Cruz,,915-473-0918x801,Argentina
bda6df9f-0c7f-42f8-837a-fa2009db65fb,Colleen Shepard,rbowman@example.net,849.308.2049,Mozambique
b8eaa8af-fe31-4f60-a4d3-2037756d4e56,Mrs. Elizabeth Huffman PhD,shane18@example.org,,New Caledonia
29dcbd8d-36dc-4b75-9231-224e62721e78,Thomas Patton,christopher93@example.net,001-869-895-6646x70372,Micronesia
dbf90d56-f362-4105-bbc4-fe2f74ec19ee,Franklin Brown,norma10@example.com,,Colombia
64d9fc83-354a-4c4f-a4da-a0c9ed1ffa54,Tina Davis,murphymichael@example.net,(700)538-4688,Lebanon
0cb9c9d6-5825-48f2-8ee2-4b1cafbac06a,Laura Kent,campbelldeborah@example.org,764.550.3035x59786,Netherlands Antilles
0ff2c56a-a2af-4e87-90d0-24904f0f9426,Jennifer Snyder,smithmeagan@example.com,001-316-295-0242x337,Montserrat
cbd8dd38-90fb-42bd-bff4-11f6b2057957,Hayley Mcdonald,richard07@example.org,+1-260-696-4902x027,French Guiana
fdb19bbf-7ee4-4833-bba6-e9b22a898e39,Amy Lane,lyonsjanet@example.com,+1-666-433-4300x768,Jersey
500a7880-9ca6-40ce-9c21-65186d7f1eb8,Vanessa Hamilton,maria68@example.com,001-666-214-2365x5474,Taiwan
3798d046-0526-4bc0-948e-e522e5e63894,Benjamin Good,brandy38@example.net,001-233-292-6931x2639,Bolivia
fd6f48cd-204a-43b2-8632-ca7f47f72481,Jose Gallagher,floresjohn@example.org,363-510-4529x7888,Bahrain
aeae7968-903a-4ede-ac45-0bc6826afbaa,Nichole Ball,oyoung@example.com,937-667-9379,Senegal
7c71fc5b-61e6-4f22-b9b8-c5658210276a,Abigail Scott,bmoore@example.com,511-430-6186,Cape Verde
e8c294e5-e3e0-4af2-aadc-bcbb77e4c339,Alexandra Medina,elarson@example.net,001-846-476-7125x736,Bulgaria
32c43310-2156-40bf-a0bb-88ae963c2b3d,Christopher Lewis,,777.950.9609x873,Fiji
ee6d5f11-06a9-404c-a09d-0f50ee607614,Carlos Contreras,rfields@example.com,881-591-2337x09742,United States of America
c3bd109a-37ad-4d02-810d-c75c985062fb,Matthew Ball,pmartinez@example.net,2012729715,Tajikistan
025f5aca-fdb3-4dad-82e1-641eecf92d50,Joseph Hurst,johnsondanielle@example.com,590-347-0679x23633,United States of America
471524fb-d938-4f65-80d0-6ee269761b2f,Gail Morrow,williamscrystal@example.net,7103392713,Spain
2feb157a-03d9-4715-9b4b-db6d46c9221f,Tammy Garcia,stephanie94@example.com,001-507-750-8926x777,Latvia
d4caa050-cff9-41a7-ad83-9140288c3dec,Kyle May,christopher59@example.net,694-798-9797x030,Tokelau
44eecbca-dbe0-4f32-b491-815b7b89c389,Ronald Robinson,biancastewart@example.com,570.576.4709x488,Sao Tome and Principe
006af455-013b-4c09-a6df-15ca3d41010f,Jason Jackson,dylanduran@example.com,2484285464,Philippines
d81fb3b9-223a-4a2f-883f-ed21ba7eec5c,Lauren Porter,jennifer62@example.net,+1-548-848-7796x930,Comoros
57f568d3-0c59-4f02-968f-4faecf49b066,Thomas Alvarado,johncook@example.net,(441)953-3897x251,El Salvador
3e77461b-6339-47c3-b701-14ddf2d53df0,Jimmy Bean,leonardglenn@example.org,240.349.4847x7909,Swaziland
302515f3-d41c-404b-8a5b-37f8b2cb9de2,Ryan Rose,wmason@example.net,318.318.0038x5923,Brazil
a24f83e7-7de7-4196-a7a7-ba9d21823b14,Cynthia Alvarez,,737-467-0957,Rwanda
d84ee991-738d-4fce-add7-34c8ac144bdd,William Graves III,joannecohen@example.net,(272)576-6537x1764,Djibouti
73370301-bc1d-482e-b786-c70799aa3387,Taylor Austin,callen@example.org,659.445.6012x511,United States Minor Outlying Islands
06f70108-4508-4662-bf7d-0eb90509f910,Heather Brandt,jprice@example.org,771.916.9174,Cook Islands
06c56c9d-c1e5-480d-b82a-71ef2c4a9eca,Megan Reed,thomas40@example.net,7659153762,Swaziland
2848f082-bd98-457c-9aca-0d84b1a82397,Donna Carlson,pricerobert@example.com,(276)317-0623x2671,Trinidad and Tobago
fae82002-e124-4b43-80fe-b6b442fabf2f,Alejandro Burke,pearsonstacey@example.org,001-526-821-1590x309,Namibia
8810de37-671b-42cd-99f9-89f1aaf6da1c,Benjamin Martin,,001-564-891-2620x47047,Iceland
244c19ed-7991-47e0-8947-741e1af8ead2,Cynthia Bryant,calvarez@example.org,524-544-5119,Kyrgyz Republic
c6061e5f-c4ba-4f2d-94eb-da34579f8519,Cameron Silva,sydney01@example.net,6393957205,New Zealand
99584202-0270-4f74-bc88-429c690a8b5c,John Sanchez,josephtorres@example.org,680-985-6294,Serbia
8176e84e-6332-464e-a706-9643801e1586,Jerome Richard,aguirredanielle@example.net,389-794-4144x418,Philippines
8160ae84-1770-4439-9c71-ff1b9d1b7bb1,James Sandoval,mariacross@example.com,342.642.0807x675,Maldives
5ec59d77-b749-46af-9824-7613a9d1b306,Ryan Wilson,hwebb@example.net,765.956.1640x836,Ukraine
f134728d-1290-4814-bdfb-cfcd9a9664ec,Meghan Thompson,michellemendez@example.net,5314097233,Bahrain
5aa953b3-e4bd-4b14-be0b-9e895d39156c,Dr. Gina Patterson,,(804)293-0263,Iran
b8564eba-3bc2-4300-a6a0-7c2d32c5258e,Timothy Walker,fespinoza@example.com,(556)773-9174x86891,Luxembourg
68d10cb9-28d3-4ba7-ae27-eb9a6d129ab1,Cheryl Hurst,okline@example.org,978.266.3812,Bhutan
3aa1308e-e658-4e8d-a5f7-d30191cd1f6c,Michael Odom,ngonzalez@example.org,(757)319-8835x14756,Bahrain
a86c33f3-1d66-47a1-b688-9a980aa8ba50,Cassandra Hunter,joseph15@example.net,001-537-550-5297x74780,Trinidad and Tobago
710b89d0-d0e4-41ed-85d4-fedb27a8594f,Christine Hartman,mackenziegoodwin@example.net,(269)404-4416x37267,Angola
4dcdd84f-3ba7-48b4-9aea-50fb92be028f,Kim Hester,rowecatherine@example.org,001-872-296-2057x440,Senegal
431c3974-f686-4979-a530-198189717bfd,Brenda Crawford,,001-606-413-9966x48495,Maldives
f963092b-fa72-4017-bfa5-a7daec18bc46,Monica Patel,angela47@example.org,(386)587-3243,Panama
c7f17f22-4ba9-4d2d-b8b7-0c514fb0b751,Scott Crawford,marydavis@example.com,9982347024,Pakistan
5372abfe-a410-44a5-8e36-31bea77cc6dd,Gerald Hunt,qking@example.com,(813)566-4104x490,Gabon
9847b4ef-25c3-4e11-be68-347b6eed2022,Lisa Salazar,david64@example.com,217-556-7734x378,Slovakia (Slovak Republic)
66ef8007-45fe-40cf-a6a4-6ceac9a7c5ee,William Cruz,jimmyrivera@example.net,(903)641-4420x7804,Sierra Leone
f00eadce-4988-43df-a514-93ddc3b999e6,Krystal Pope,david33@example.com,640.697.5749,Benin
e65089f8-9b69-4899-a0f2-bafe03e6c7f3,Karen Hughes,michael74@example.com,467-523-9933x7485,Indonesia
a28e0da1-cb27-4de4-bf2d-6a40b8c9985b,Christine Moreno,,455.293.0275x322,Montenegro
fcea4c3d-d19d-4181-ab9b-5e5b1f26cf96,Eric Kelly,adkinsjeff@example.net,7922159342,Belize
2cc1e020-c006-4a52-8e87-bb154e882a72,Dawn Rice,hicksbradley@example.org,299-710-2920,Pakistan
39ec85ac-c692-4946-8da8-7db6afa34dc3,Maria Holt,michael67@example.net,(313)767-7071x79632,Togo
e6d8f10e-2ae8-446d-a0ed-bd0b5d29b3b6,Kimberly Edwards,garrettoscar@example.org,917-663-2294,Trinidad and Tobago
b34edc3a-c63e-4b27-9c2f-fb3cdf68a8ed,Jenna Campbell,george33@example.com,001-429-709-1366x4685,Marshall Islands
8758831f-c1cb-4369-b61d-55de280a4dca,Sandra Butler,cthompson@example.net,699.321.6357,Equatorial Guinea
8a433d9c-5634-4deb-9186-69b5eb2e42c6,Michael French,crystal97@example.org,+1-732-339-6202x6265,Greece
d6910a32-d23a-4450-b409-ab287937e50c,Michelle Chambers,cindy00@example.org,+1-339-677-0492x9980,Zambia
bd56525d-e899-4312-9763-e79d3f6fa54c,Janice Hughes,imurray@example.net,873-517-5295,Guadeloupe
36b57eed-b59e-4f00-957b-af98ddda3e77,Robert Perez,,(309)492-1513x38438,Pitcairn Islands
b38a8161-d182-45c1-92eb-c5fba24dd198,Anna Tate,jwest@example.net,+1-872-435-9183x6186,Nepal
10cb18e7-f765-4336-bed6-32e5845ce923,Jennifer Jensen,halldeborah@example.net,681.620.8166,French Southern Territories
8d356841-fb0c-4dfa-9f69-537edf941b50,Sydney Davis,greenchristopher@example.net,001-345-745-2516,Suriname
e7e0f57d-c9c0-4f95-b73c-a8fc4061dabb,Michael Wilson,natalie16@example.org,741.474.6595,Belgium
e687205a-fc06-4534-ac1f-fb6295bfbc7f,Aaron Martinez,lnelson@example.com,001-715-398-8746,Saint Lucia
dae0689d-0c38-440c-b921-fe2413c3df3b,Margaret Terry,jmiller@example.net,516-680-4883,Bahrain
aa6b678d-9657-479b-95e7-da3d33daf3b6,Cynthia Smith,isabella28@example.org,239.571.9257,Saint Martin
bab75d30-5312-40af-bd12-ed7bed445afa,Lucas Jordan,jamescummings@example.com,,Antigua and Barbuda
4da4d70a-a5bf-4430-9f9e-11be2fdf42fb,Shawn Little,qbryant@example.org,(905)249-2114,Haiti
3f39f7c4-6613-4438-a6ab-65c259b6d2d1,Kyle Lee,ekent@example.org,,Dominican Republic
2d374acf-1c9c-412e-ac53-90e9892ac707,Caroline Mora,tuckerzachary@example.net,8706113433,Vietnam
329c9325-2d4b-4456-a5a7-d43f8300624a,Sarah Daniel,rwells@example.org,+1-774-245-2665,Cayman Islands
73ce85f6-bad1-44bf-832d-c2481bb1d1e3,Jasmine Fleming,douglas98@example.net,(268)204-4798x435,Canada
2434fcc8-d8d7-4f5d-a102-eb464d535a66,Dale Morgan,jamesward@example.com,485.829.7009x21541,Palau
d29ce320-6934-4c38-bcc4-3a1982bf186e,Carl Mann,ramirezkent@example.org,(447)642-9229x9869,Micronesia
8ca9b924-d19b-410e-a982-039971bc9c42,Craig Vance,howelltracy@example.org,814-528-4305x93739,Heard Island and McDonald Islands
f3e565ac-7ad0-4e6a-8bde-e12ba82bea2c,Jessica Ortiz,ballardamanda@example.org,409.898.7486x53449,Belarus
aaa3cb01-e425-4429-a9fa-574b61ccfaa3,Joshua Taylor,brian25@example.net,(753)698-6264x72723,North Macedonia
f341d728-68ce-43e2-a8c4-d258891a5260,Arthur Scott,robinunderwood@example.com,935-270-2812x0530,Bahrain
1216a4e6-11a3-40ac-b2fa-633097e928f0,Keith Rivera,jonathanharris@example.net,+1-316-966-6676x935,Bosnia and Herzegovina
7c797d18-1fc6-414f-b4e5-e436323a80d0,Joseph Patel,cindyking@example.net,7707618305,Belize
caf55914-e4c8-4286-bf17-525690611587,Brittany Rosario,laurie62@example.com,718-625-5873x784,Ecuador
d2c89e2c-00a6-47ca-b68e-354a85d82544,Derek George,hensonterry@example.com,+1-768-363-1984x1029,Suriname
d6ae30a4-41de-40b1-8f7b-3acdcaedb4ce,Marc Martin,chelsea11@example.net,799-925-6767,Austria
e038c0d5-276b-4767-b22a-2f489f76d9ab,Amy White,jonathan75@example.org,9235173754,Yemen
a5571fa0-25bd-4d78-a2d7-fa8eb23cdba2,Bryan Lucero,pricemelissa@example.com,209.245.2643x40706,Albania
db764e86-f0ac-466d-ab8d-f557395b7a5a,Alexander White,cory18@example.com,(586)928-0193,Grenada
590361a8-caa0-424c-8d77-70608c42795b,Michelle Scott,andrewkelley@example.com,+1-451-545-8632,Bouvet Island (Bouvetoya)
1f5be925-7823-44d1-bf31-30f9f9b57bff,Kathryn Brennan,edwin85@example.net,001-674-301-4624x0807,Madagascar
2862a3af-dd74-45d3-9606-06cbc60729a4,Robert Chandler,jennifer66@example.org,(930)779-5700x5844,Ireland
bab94f6f-db26-4f46-b21e-67dcff924b6e,Kevin Ward,jacksonsamantha@example.org,8142453186,Saint Kitts and Nevis
58432be5-350a-4ddb-9ab1-218e02c2f847,Brian Vega,lowerebecca@example.org,(535)930-3711x493,Cyprus
fd5f66d9-f311-47a9-be9a-389e6e63a533,Jason Weaver,nicolechang@example.net,353-662-9794,Timor-Leste
0d7fb346-dd23-4ecf-8c23-7a9444550cdc,Laura Roberts,twright@example.org,451-271-1224x95934,Nepal
1a73db6a-1f14-42ba-a439-082bf012b576,Bryan Smith,jsmith@example.org,+1-768-266-6149x423,Myanmar
b161e3c2-7641-4be2-99d6-1b4b62f73e57,Joseph Medina,waynegomez@example.net,,Bahamas
f0726893-40da-463d-aefb-707b73f796e6,Russell Morales,tylerharrell@example.com,001-564-375-9914x035,Korea
311e7923-f873-4798-9f3b-94176976b64e,Steven Guerra,josephlopez@example.org,949.300.4891,Germany
00fc38f7-b5c7-465c-839b-a55185f2635f,Heather Schneider,larajohn@example.org,793-587-9728x89725,Namibia
4f8250f3-4ca8-4f30-90ac-13fb25b972be,Thomas Barnes,jeremy50@example.net,409-916-4901x6025,Lithuania
8419e344-58ce-4627-ae66-9e44f345dc2a,Tammie Romero,cunninghamcody@example.net,+1-725-540-3466x0343,Morocco
197179e6-d4ca-472b-a976-44e3ca91d064,Colin Franklin,jeffreydouglas@example.org,5834005249,Equatorial Guinea
29593a3c-f053-4d32-ad5b-bd45a655a5be,Brian Bennett,eboyer@example.org,+1-247-740-2632x831,Benin
20d5d39a-ae21-4d3c-89a8-208a9462f8ac,Andrew Schneider,angelastewart@example.net,+1-498-319-3369,Honduras
0b7f37a7-5ef6-4514-afa5-87f24ad4ea70,Chelsea Lewis,jbradshaw@example.com,001-637-691-7548,Lesotho
13caca6e-59e7-4b1f-8ef5-7dc49b80edb8,Selena Shaw,thompsonmarie@example.net,001-722-313-8608x46721,Marshall Islands
77fad2f0-0e5c-4a1d-b7da-63e154f71b8e,Rhonda Duncan,jacquelinewarner@example.org,4248523349,Australia
eae94849-07d3-446f-a8a4-12c6fd7aed4b,Lydia Sullivan,kathleen44@example.net,845.454.0754x7970,Japan
a0a4a452-1235-488f-beb2-5935d4ad9d32,Jerry Robertson,wilsondavid@example.org,582.280.4063x332,Timor-Leste
742f0811-2251-4809-b175-2f6b2be2baa3,Christopher Carter,michael68@example.com,881-312-9168,Kazakhstan
e47edfb0-2977-434a-8bc3-f75b8b6ea95c,Glenn Fisher,rliu@example.net,787-591-4982,Indonesia
59f3019e-8d7e-4dc3-b23f-c1dab63c5f4e,Perry Taylor,averyeric@example.net,(774)699-9892x4815,Pakistan
9f50ba63-e48d-4c8d-87ca-b0e8039a2f93,Stephanie White,kimherring@example.org,001-249-355-4649x3597,Colombia
54071699-f838-4567-af10-ebc9368e025f,Samantha Jackson,rickeypeterson@example.com,351.457.5131,Peru
a3cf1824-f93b-415e-b0c0-191430e4bf0e,Ethan Shea,lorievans@example.net,965-863-3212x458,Trinidad and Tobago
dc1d043c-1085-4f95-aeef-7eb26647ca77,Christopher Anderson,brittany18@example.com,+1-938-569-9876x705,Saint Pierre and Miquelon
56913285-ca55-478c-9458-f85607bc2882,Anthony York,elizabethhogan@example.com,424.384.3794,Sierra Leone
41b14a02-df69-4f06-bba9-a32a32d7c008,Annette Shaw,willisanthony@example.net,+1-298-290-5969x38525,Sudan
500062b9-cd7a-404c-8ab3-19a254ca9455,Sandra Bray,heatherbrown@example.org,(546)207-3603,Guernsey
a3f2a01b-6610-4ad7-9073-abfbabb98f3b,Shannon Blackwell,jose01@example.org,945-426-5223x51163,Mauritius
746c6bb5-6e44-45c8-a8c1-bd56a3396b9f,George Nelson,zmcneil@example.net,216.375.9995x97750,Portugal
1189a9af-0112-47de-a3d7-2a37de35475d,Juan Flynn,gchambers@example.org,(819)510-7250x55893,Equatorial Guinea
75af95a2-e30e-4841-9eaa-0bc65340b18a,Laura Kelly,ehughes@example.org,905-763-3327x561,Panama
63ed770b-aa27-4c0a-85cb-26331817d7fb,Vanessa Bean,sreid@example.com,+1-922-467-1080x11763,Yemen
ff3a6c5b-77ac-485c-908a-0118aeab482d,Amy Garza,amandaalvarez@example.com,2996799761,French Polynesia
9cfec88c-9489-408d-a297-3fa9bfd32674,John Yates,davidfreeman@example.org,+1-321-740-0433x83098,Timor-Leste
84441f52-77e5-450b-97d2-80f64c5c4fb4,Christopher Phillips,jacksondeanna@example.net,588.288.3021,Norway
319a1175-3869-4067-bead-d13f371071e4,Paula Donaldson,ryan28@example.com,(396)835-0383x737,Congo
69cebeb5-ba90-45d7-9c9d-438d7441a86d,Julia Martin,cmcdonald@example.org,(583)965-0907x80848,Kyrgyz Republic
3167751a-2b48-4dec-92d7-a36492ae65ce,Melissa Smith,allison23@example.org,360.359.9818x08984,Yemen
a816cf2d-0c49-4c1c-9a05-64715fc11b29,James Gross,,409-894-9891,United Arab Emirates
c109710b-a654-4bea-80df-ee0fbcf16664,Lori Bishop,,(626)693-7052x448,Anguilla
7213aa78-ff4f-4fc6-a7cd-c1307badbb07,Donna Graham,hrodgers@example.org,315.798.6768x601,Saint Helena
df6c1c7e-8f4f-45dc-aaaf-3428c8646537,Sandra Griffin,bryan68@example.org,+1-916-230-6304x9308,Saudi Arabia
c7b6bdce-a75f-4453-b800-a600655027a1,Tina Skinner,creyes@example.org,(288)380-4348x344,Costa Rica
9f8a4fa9-aaa4-481b-98c3-216d940a4ac6,Joseph Hill,dixonmichael@example.org,(242)349-8772,Cambodia
a0e7eba6-b2a3-4c82-bb56-02358a21b42a,Pamela Williams,myerscory@example.org,548-946-8546x01020,Cocos (Keeling) Islands
22cc5f4e-4562-43dc-be1c-1766b6e64fec,Danielle Miller,jennifer17@example.com,3994527779,Antigua and Barbuda
70a4ae15-0b13-4328-ae69-1a47b5d36d17,Daniel Davila,gblankenship@example.org,+1-220-948-6753,Myanmar
de2001d2-a757-44b3-b14c-6b58771d1e61,Jeffrey Calhoun,,347.585.8073x022,Guadeloupe
b70e7c3c-6c5a-4469-88ac-b2857e5a92ed,Ryan Ramos DDS,melissa49@example.org,001-410-214-4852,Chad
015cc4e1-5cf8-441c-80ad-ca3536c53e9a,Matthew Wilson,timothyho@example.org,888-355-4148x304,Cyprus
20566376-aa05-4b75-915d-93d7496202d0,Jonathan Williams,,644.246.5498x177,Chad
022be62d-eb06-4ef4-b6e7-5ddc92ba2009,Megan Roberts,idiaz@example.com,(566)696-8200,Cook Islands
cef0b5e5-7791-4972-8737-655b631b9a0d,Shelley Maxwell,marcuscooper@example.net,587.903.6412x3508,Saudi Arabia
52a86091-196e-4b0f-8f78-c252ace37d28,Edwin Watkins,phillip17@example.org,(766)960-6409x57098,Saint Pierre and Miquelon
e311bd6f-bf8d-4564-91d7-7167be83ac00,Cynthia Walls,fhays@example.com,001-771-829-4155x9812,Moldova
44b76e6b-5b75-4080-a619-d310669b11c0,Rebecca Barrett,isaiah57@example.net,(860)817-3059x7254,Seychelles
139771bf-31b5-4508-bcca-9108a68d4ab7,Kevin Skinner,chelsea08@example.net,,Cocos (Keeling) Islands
822fe765-a84f-4f9e-a7de-3e2974f39647,Stephanie Young,greenkimberly@example.org,598-486-7239,Syrian Arab Republic
e9523310-5cbd-45d6-a9e6-2e17db4e45e3,Barbara Bryan,andersonamanda@example.org,+1-372-827-9981x496,Vanuatu
69a16a0a-81e7-4438-b116-b60a3ccd2c7f,Caitlin Chavez,,788.888.1647,Slovakia (Slovak Republic)
66bf0b0c-ef19-4104-958b-fe54d80fe054,Catherine Phillips,gloriajones@example.com,580-396-1848,Pitcairn Islands
149b8752-cedd-4c06-bbf9-aeadef2ec970,Taylor Morgan,fhill@example.net,473.247.5677x9412,Macao
3f6c26f3-aef8-4992-a588-18b2d28726ff,Matthew Brown,edward90@example.org,7112520240,Japan
480bccf9-0f7e-46e3-b5e4-f59de3a78e42,Kathryn Adams,,650-429-2010x839,Italy
ef40cc10-51e5-4470-a36d-8072f9cfa870,Kimberly Eaton,timothyclements@example.net,,Pitcairn Islands
e1e803c7-31c3-453f-8edd-3cab47c7f2c2,Chad Reese,,557.784.6500x82591,Guam
4efc14d8-e1ae-46aa-97ec-b1b415271198,Renee Sharp,contrerasmelissa@example.net,001-495-706-3443,Venezuela
99bf53c7-0da5-4fcd-9a19-0dcd9e0b27a3,Mr. Austin Walton,murphylaura@example.org,428.752.3230x1678,Germany
64c3b31f-351c-4445-b609-1813020cef91,Brian Morgan,brooke72@example.org,847-432-1905x27661,Bahamas
fd2111bb-5635-40f4-90a5-68c4e90c9304,Robin Montoya DDS,arnoldandrew@example.net,200-782-5923,Taiwan
6f7e2a62-ebb2-45a4-a15f-89734d914fba,Tammy Andrade,joseph27@example.com,733.617.6167x183,Korea
89c077ce-2541-44a3-9193-94cc150e69a9,Ray Murphy,lramirez@example.net,+1-953-817-8866x47636,Cote d'Ivoire
35e9370c-b4c6-45c0-b6c7-85a9474fca61,Nicole Doyle,mcbrideeric@example.com,(507)991-7197x323,Bahamas
f5b98c90-b50f-493b-a3db-ce059841f052,Christopher Rice,rachelalvarez@example.com,8166156339,Dominica
56c358bc-4463-4ed7-a555-56878d20bfc9,Samantha Paul,mitchellstacy@example.net,001-780-291-7871x1515,Lesotho
01d13428-d511-4c3d-90c7-b5624931ff48,Robert Contreras,lydia12@example.com,,Swaziland
16c06854-b963-4325-bf44-295783569f40,Scott Holmes,,001-419-493-8769,Gibraltar
b00b496d-1daa-4b47-9d1c-b33517e4573f,Heather Smith,mlowe@example.com,568-767-0750x23167,Western Sahara
2fe7a98b-f423-47df-aa17-fe7768bf70af,Paul Garcia,abigail30@example.com,258.406.5955,South Georgia and the South Sandwich Islands
b8e96810-c0bc-4b5e-8e2c-8b61afd70831,Kimberly Allen MD,cwebster@example.net,,Belarus
8588e821-cdd8-4103-b2fb-3f0dbcf5c551,Jackie Jackson,emendoza@example.com,428.579.0421x314,Congo
df1d006a-dcec-4ae8-902e-76ed5de0c0f5,Ruben Guerra,victoriascott@example.com,+1-380-776-0484x4133,Macao
c83fa867-56ae-4338-8ac3-de10c62031f1,Alex Gilbert,maureenwright@example.org,(473)968-9853,Bulgaria
a672f866-e1e2-4212-9f00-c331c0606029,Janet Reyes,barrettchristopher@example.com,555-967-5572x401,Nepal
952f6b7a-4c86-478c-a97d-b7266b95fbe6,Carla Hall,josephking@example.org,(656)711-9784,Indonesia
9d32e2e9-9d94-422b-b6dc-730b2fa668fd,Kevin Alvarez,isaiah98@example.org,9296728348,Serbia
e78cedd7-bf36-4830-8f22-4552ac5599b7,Courtney Bentley,norrismichael@example.net,(983)382-3317x1267,Bosnia and Herzegovina
ce8c4a0b-0579-4b86-aeff-5acee3c3021f,Elizabeth Ramsey,anthony54@example.com,001-738-489-7203,Romania
6c835c17-8b45-4303-8a5b-3b5c6714aa86,Laura Keller,chughes@example.com,+1-681-306-3380x5080,Cook Islands
90642a03-5942-4192-aaaa-67baf3e2a6b3,Steven Martinez,ayalaangela@example.com,,Cook Islands
ec77cf0d-5406-4a54-badb-aab6ba7c0ced,Grant Patterson,kevinschroeder@example.net,001-323-623-2650x419,Nicaragua
b40e5c83-9808-4dc6-966f-5451f83b4aec,Eugene Miller,thomas43@example.net,001-578-669-0358,Central African Republic
b58957f3-667b-462a-9fd0-dc93ff521145,Sherry Walsh,kellynathan@example.org,380-844-2118,Colombia
68ffaad9-862a-42e5-b62a-07b4444e162c,Rodney Mendez,anthony50@example.org,+1-962-504-0465,Syrian Arab Republic
131c4d35-771a-44e8-96cb-bb10e8a473c1,Matthew Alvarez,matthew89@example.net,(912)960-5546x2683,Argentina
627d9829-6d52-4899-b01e-9c4843c67bd1,Jason Rush,michaelmathews@example.net,001-404-741-8280x315,Armenia
52a86091-196e-4b0f-8f78-c252ace37d28,Edwin Watkins,phillip17@example.org,(766)960-6409x57098,Saint Pierre and Miquelon
83f85be8-d495-47ab-bea3-adfc7d241082,George Reynolds,matthewrichardson@example.org,+1-940-771-1631x2611,Netherlands
d175f8f1-f29f-448f-a9bf-28d9d20e6d47,Stephen Price,,+1-379-578-1107,Reunion
9847b4ef-25c3-4e11-be68-347b6eed2022,Lisa Salazar,david64@example.com,217-556-7734x378,Slovakia (Slovak Republic)
7622c988-b135-4108-8c85-f99b453b1f9d,Tracy Carroll,crossjennifer@example.org,001-608-942-3093,United States Virgin Islands
b6878cea-1767-4d07-bba5-a1a762f27aee,Brian Martinez,brianna83@example.net,789.561.6798,Cote d'Ivoire
6db91da3-dff0-4c73-8dd5-aa1a5ce857bc,Kyle Anderson,rickygarza@example.org,(721)886-3657,Sao Tome and Principe
c2622e7f-1cb5-4dc2-90d2-46fe480dcae1,Madeline White,jose28@example.org,+1-289-286-8753,Montserrat
e47edfb0-2977-434a-8bc3-f75b8b6ea95c,Glenn Fisher,rliu@example.net,787-591-4982,Indonesia
2d374acf-1c9c-412e-ac53-90e9892ac707,Caroline Mora,tuckerzachary@example.net,8706113433,Vietnam
149b8752-cedd-4c06-bbf9-aeadef2ec970,Taylor Morgan,fhill@example.net,473.247.5677x9412,Macao
e9523310-5cbd-45d6-a9e6-2e17db4e45e3,Barbara Bryan,,+1-372-827-9981x496,Vanuatu
1d664e5b-d86e-4a54-9d4f-11efa34f9686,Joel Vasquez,raymondstevens@example.org,906.703.2967x38051,Cameroon
f0726893-40da-463d-aefb-707b73f796e6,Russell Morales,,001-564-375-9914x035,Korea
9ee25ed5-e5ae-483e-8e89-08ae39f3088f,Sherry Freeman,cummingsmitchell@example.org,001-940-477-2473x88469,Solomon Islands
1f22e566-13a0-4758-b42c-b0f6e997d46c,Christopher Castaneda,annaarnold@example.com,(726)306-3515,Aruba
cef0b5e5-7791-4972-8737-655b631b9a0d,Shelley Maxwell,marcuscooper@example.net,,Saudi Arabia
b0d4f1e8-7f0f-4d61-8169-81ee81f204e6,Chad Leonard,connerjillian@example.net,883-460-9425x433,New Caledonia
e8c294e5-e3e0-4af2-aadc-bcbb77e4c339,Alexandra Medina,elarson@example.net,001-846-476-7125x736,Bulgaria
6657a2b2-3041-43b0-ad51-0118b0345ca1,Dr. Jacob Molina DDS,walterscarlos@example.com,+1-864-890-7410x912,Mayotte
e94efd62-e957-421d-82ab-41b795cfdada,Lisa Nelson,gregorygregory@example.com,+1-261-893-5987x0279,Algeria
5372abfe-a410-44a5-8e36-31bea77cc6dd,Gerald Hunt,qking@example.com,(813)566-4104x490,Gabon
3a98d8db-a695-4811-8dd7-dc0ad191e455,Tiffany Franklin,wsmith@example.net,001-224-333-5776x894,Iran
c574c838-f8f7-4e22-b8fb-5950756262f4,Raymond Beck,pmartinez@example.com,(311)302-3193x466,Malaysia
bbd6947a-99f5-4ec5-8f88-c77cd6391a20,Jennifer Green,browntina@example.com,782-862-3528x845,Colombia
